date,account_id,account_name,datasource,platform,created_at,campaign,campaigngroup_name,creative_name,creativeinfo_name,campaigngroupinfo_status,advertiser_averageordervalue,advertiser_averagepageviewspervisitor,advertiser_completedviewrate,advertiser_completedviews,advertiser_conversionassists,advertiser_conversions,advertiser_costpervisit,advertiser_cpa,advertiser_impressionconversionrate,advertiser_impressions,advertiser_roas,advertiser_roi,advertiser_sitevisitors,advertiser_visits,campaigngroup_completedviewrate,campaigngroup_completedviews,campaigngroup_newsitevisitors,campaigngroup_roas,campaigngroup_roi,campaigngroup_spend,campaigngroup_userconversionrate,campaigngroup_usersreached,campaigngroup_visitconversionrate,campaigngroup_visits,creative_completedviewrate,creative_completedviews,creative_conversions,creative_cpa,creative_impressionconversionrate,creative_newsitevisitors,creative_roas,creative_roi,creative_spend,creative_userconversionrate,creative_usersreached,creative_visitconversionrate,creative_visits,dma_name,dma_averageordervalue,dma_completedviewrate,dma_completedviews,dma_conversions,dma_impressions,impressions,spend,totalcost,source
2025-06-02,,,,,,,,,,,0,0,0,0,0,0,0,0,0,0,0,0,0,0,0,0,0,0,0,0,0,0,0,0,0,0,0,0,0,0,0,0,0,0,0,0,0,,0,0,0,0,0,0,0,0,mntn
2025-01-05,,,,,,,,,,,0,0,0,0,0,0,0,0,0,0,0,0,0,0,0,0,0,0,0,0,0,0,0,0,0,0,0,0,0,0,0,0,0,0,0,0,0,,0,0,0,0,0,0,0,0,mntn
2025-11-16,,,,,,,,1920x1080,,,0,0,0,0,0,0,0,0,0,0,0,0,0,0,0,0,0,0,0,0,0,0,0,0,0.9839,5957,57,3.4113,0.0094,73,0,-1,194.4443,0.0142,4006,0.7308,78,,0,0,0,0,0,0,0,0,mntn
2025-11-16,,,,,,,,,,,0,2.9761,0.9839,5957,0,57,2.4929,3.4113,0.0094,6054,0,-1,75,78,0,0,0,0,0,0,0,0,0,0,0,0,0,0,0,0,0,0,0,0,0,0,0,,0,0,0,0,0,0,0,0,mntn
2025-11-16,,,,,,25 BC CTV Fall -001,25 BC CTV Fall -001,,,,0,0,0,0,0,0,0,0,0,0,0,0,0,0,0.9827,431,1,0,-1,14.0263,0,141,0,1,0,0,0,0,0,0,0,0,0,0,0,0,0,,0,0,0,0,0,439,14.0263,14.0263,mntn
2025-11-16,,,,,,25 PR CTV Fall-001,25 PR CTV Fall-001,,,,0,0,0,0,0,0,0,0,0,0,0,0,0,0,0.9836,798,1,0,-1,26.8251,0.0016,607,1,1,0,0,0,0,0,0,0,0,0,0,0,0,0,,0,0,0,0,0,811,26.8251,26.8251,mntn
2025-11-16,,,,,,25 MO CTV Fall-001,25 MO CTV Fall-001,,,,0,0,0,0,0,0,0,0,0,0,0,0,0,0,0.9712,323,1,0,-1,10.2936,0.0053,189,1,1,0,0,0,0,0,0,0,0,0,0,0,0,0,,0,0,0,0,0,333,10.2936,10.2936,mntn
2025-11-16,,,,,,25 OR CTV Fall -001,25 OR CTV Fall -001,,,,0,0,0,0,0,0,0,0,0,0,0,0,0,0,0.9703,446,10,0,-1,15.1822,0.0586,256,1.3636,11,0,0,0,0,0,0,0,0,0,0,0,0,0,,0,0,0,0,0,460,15.1822,15.1822,mntn
2025-11-16,,,,,,25 TO CTV Fall - 001,25 TO CTV Fall - 001,,,,0,0,0,0,0,0,0,0,0,0,0,0,0,0,0.9814,494,3,0,-1,14.9858,0.005,201,0.3333,3,0,0,0,0,0,0,0,0,0,0,0,0,0,,0,0,0,0,0,503,14.9858,14.9858,mntn
2025-11-16,,,,,,25 UB Fall Campaign,25 UB Fall Campaign,,,,0,0,0,0,0,0,0,0,0,0,0,0,0,0,0.9811,481,3,0,-1,15.6281,0.0084,238,0.6667,3,0,0,0,0,0,0,0,0,0,0,0,0,0,,0,0,0,0,0,490,15.6281,15.6281,mntn
2025-11-16,,,,,,25-26 SC Video Campaign,25-26 SC Video Campaign,,,,0,0,0,0,0,0,0,0,0,0,0,0,0,0,0.9929,1590,28,0,-1,52.1506,0.0161,1365,0.7097,31,0,0,0,0,0,0,0,0,0,0,0,0,0,,0,0,0,0,0,1601,52.1506,52.1506,mntn
2025-11-16,,,,,,25 BL CTV Fall-001,25 BL CTV Fall-001,,,,0,0,0,0,0,0,0,0,0,0,0,0,0,0,0.9893,662,11,0,-1,21.2829,0.0078,514,0.3333,12,0,0,0,0,0,0,0,0,0,0,0,0,0,,0,0,0,0,0,669,21.2829,21.2829,mntn
2025-11-16,,,,,,25 SL CTV Fall-001,25 SL CTV Fall-001,,,,0,0,0,0,0,0,0,0,0,0,0,0,0,0,0.9778,731,15,0,-1,24.0696,0.0182,603,0.7333,15,0,0,0,0,0,0,0,0,0,0,0,0,0,,0,0,0,0,0,748,24.0696,24.0696,mntn
2025-11-16,,,,,,,,,,,0,0,0,0,0,0,0,0,0,0,0,0,0,0,0,0,0,0,0,0,0,0,0,0,0,0,0,0,0,0,0,0,0,0,0,0,0,"Albuquerque-Santa Fe, NM",0,0.9828,59,0,60,0,0,0,mntn
2025-11-16,,,,,,,,,,,0,0,0,0,0,0,0,0,0,0,0,0,0,0,0,0,0,0,0,0,0,0,0,0,0,0,0,0,0,0,0,0,0,0,0,0,0,"Denver, CO",0,1,6,0,6,0,0,0,mntn
2025-11-16,,,,,,,,,,,0,0,0,0,0,0,0,0,0,0,0,0,0,0,0,0,0,0,0,0,0,0,0,0,0,0,0,0,0,0,0,0,0,0,0,0,0,"Grand Junction-Montrose, CO",0,1,3,0,3,0,0,0,mntn
2025-11-16,,,,,,,,,,,0,0,0,0,0,0,0,0,0,0,0,0,0,0,0,0,0,0,0,0,0,0,0,0,0,0,0,0,0,0,0,0,0,0,0,0,0,"Las Vegas, NV",0,1,30,0,30,0,0,0,mntn
2025-11-16,,,,,,,,,,,0,0,0,0,0,0,0,0,0,0,0,0,0,0,0,0,0,0,0,0,0,0,0,0,0,0,0,0,0,0,0,0,0,0,0,0,0,"Phoenix, AZ",0,1,31,2,31,0,0,0,mntn
2025-11-16,,,,,,,,,,,0,0,0,0,0,0,0,0,0,0,0,0,0,0,0,0,0,0,0,0,0,0,0,0,0,0,0,0,0,0,0,0,0,0,0,0,0,"Salt Lake City, UT",0,0.9837,5828,55,5924,0,0,0,mntn
2025-11-16,,,,,,,,,,,0,0,0,0,0,0,0,0,0,0,0,0,0,0,0,0,0,0,0,0,0,0,0,0,0,0,0,0,0,0,0,0,0,0,0,0,0,unknown,0,0,0,0,0,0,0,0,mntn
2024-12-22,,,,,,,,,,,0,0,0,0,0,0,0,0,0,0,0,0,0,0,0,0,0,0,0,0,0,0,0,0,0,0,0,0,0,0,0,0,0,0,0,0,0,,0,0,0,0,0,0,0,0,mntn
2024-12-07,,,,,,,,,,,0,0,0,0,0,0,0,0,0,0,0,0,0,0,0,0,0,0,0,0,0,0,0,0,0,0,0,0,0,0,0,0,0,0,0,0,0,,0,0,0,0,0,0,0,0,mntn
2025-02-04,,,,,,,,,,,0,0,0,0,0,0,0,0,0,0,0,0,0,0,0,0,0,0,0,0,0,0,0,0,0,0,0,0,0,0,0,0,0,0,0,0,0,,0,0,0,0,0,0,0,0,mntn
2025-05-23,,,,,,,,,,,0,0,0,0,0,0,0,0,0,0,0,0,0,0,0,0,0,0,0,0,0,0,0,0,0,0,0,0,0,0,0,0,0,0,0,0,0,,0,0,0,0,0,0,0,0,mntn
2025-01-09,,,,,,,,,,,0,0,0,0,0,0,0,0,0,0,0,0,0,0,0,0,0,0,0,0,0,0,0,0,0,0,0,0,0,0,0,0,0,0,0,0,0,,0,0,0,0,0,0,0,0,mntn
2025-02-25,,,,,,,,,,,0,0,0,0,0,0,0,0,0,0,0,0,0,0,0,0,0,0,0,0,0,0,0,0,0,0,0,0,0,0,0,0,0,0,0,0,0,,0,0,0,0,0,0,0,0,mntn
2025-04-16,,,,,,,,,,,0,0,0,0,0,0,0,0,0,0,0,0,0,0,0,0,0,0,0,0,0,0,0,0,0,0,0,0,0,0,0,0,0,0,0,0,0,,0,0,0,0,0,0,0,0,mntn
2025-03-10,,,,,,,,,,,0,0,0,0,0,0,0,0,0,0,0,0,0,0,0,0,0,0,0,0,0,0,0,0,0,0,0,0,0,0,0,0,0,0,0,0,0,,0,0,0,0,0,0,0,0,mntn
2025-10-07,,,,,,,,,,,0,0,0,0,0,0,0,0,0,0,0,0,0,0,0,0,0,0,0,0,0,0,0,0,0,0,0,0,0,0,0,0,0,0,0,0,0,,0,0,0,0,0,0,0,0,mntn
2025-09-13,,,,,,,,,,,0,0,0,0,0,0,0,0,0,0,0,0,0,0,0,0,0,0,0,0,0,0,0,0,0,0,0,0,0,0,0,0,0,0,0,0,0,,0,0,0,0,0,0,0,0,mntn
2024-11-27,,,,,,,,,,,0,0,0,0,0,0,0,0,0,0,0,0,0,0,0,0,0,0,0,0,0,0,0,0,0,0,0,0,0,0,0,0,0,0,0,0,0,,0,0,0,0,0,0,0,0,mntn
2025-02-14,,,,,,,,,,,0,0,0,0,0,0,0,0,0,0,0,0,0,0,0,0,0,0,0,0,0,0,0,0,0,0,0,0,0,0,0,0,0,0,0,0,0,,0,0,0,0,0,0,0,0,mntn
2024-12-31,,,,,,,,,,,0,0,0,0,0,0,0,0,0,0,0,0,0,0,0,0,0,0,0,0,0,0,0,0,0,0,0,0,0,0,0,0,0,0,0,0,0,,0,0,0,0,0,0,0,0,mntn
2024-11-22,,,,,,,,,,,0,0,0,0,0,0,0,0,0,0,0,0,0,0,0,0,0,0,0,0,0,0,0,0,0,0,0,0,0,0,0,0,0,0,0,0,0,,0,0,0,0,0,0,0,0,mntn
2025-01-31,,,,,,,,,,,0,0,0,0,0,0,0,0,0,0,0,0,0,0,0,0,0,0,0,0,0,0,0,0,0,0,0,0,0,0,0,0,0,0,0,0,0,,0,0,0,0,0,0,0,0,mntn
2025-07-25,,,,,,,,,,,0,0,0,0,0,0,0,0,0,0,0,0,0,0,0,0,0,0,0,0,0,0,0,0,0,0,0,0,0,0,0,0,0,0,0,0,0,,0,0,0,0,0,0,0,0,mntn
2025-09-03,,,,,,,,,,,0,0,0,0,0,0,0,0,0,0,0,0,0,0,0,0,0,0,0,0,0,0,0,0,0,0,0,0,0,0,0,0,0,0,0,0,0,,0,0,0,0,0,0,0,0,mntn
2025-06-01,,,,,,,,,,,0,0,0,0,0,0,0,0,0,0,0,0,0,0,0,0,0,0,0,0,0,0,0,0,0,0,0,0,0,0,0,0,0,0,0,0,0,,0,0,0,0,0,0,0,0,mntn
2025-09-10,,,,,,,,,,,0,0,0,0,0,0,0,0,0,0,0,0,0,0,0,0,0,0,0,0,0,0,0,0,0,0,0,0,0,0,0,0,0,0,0,0,0,,0,0,0,0,0,0,0,0,mntn
2025-09-24,,,,,,,,,,,0,0,0,0,0,0,0,0,0,0,0,0,0,0,0,0,0,0,0,0,0,0,0,0,0,0,0,0,0,0,0,0,0,0,0,0,0,,0,0,0,0,0,0,0,0,mntn
2025-01-30,,,,,,,,,,,0,0,0,0,0,0,0,0,0,0,0,0,0,0,0,0,0,0,0,0,0,0,0,0,0,0,0,0,0,0,0,0,0,0,0,0,0,,0,0,0,0,0,0,0,0,mntn
2025-11-05,,,,,,,,,,,0,1.6346,0,6167,0,79,2.558,2.4608,0.0128,6167,0,-1,72,76,0,0,0,0,0,0,0,0,0,0,0,0,0,0,0,0,0,0,0,0,0,0,0,,0,0,0,0,0,0,0,0,mntn
2025-11-05,,,,,,,,,,,0,0,0,0,0,0,0,0,0,0,0,0,0,0,0,0,0,0,0,0,0,0,0,0,0,0,0,0,0,0,0,0,0,0,0,0,0,unknown,0,0,0,2,0,0,0,0,mntn
2025-11-05,,,,,,25 PR CTV Fall-001,25 PR CTV Fall-001,,,,0,0,0,0,0,0,0,0,0,0,0,0,0,0,0,812,0,0,-1,25.9103,0.0033,614,0.6667,3,0,0,0,0,0,0,0,0,0,0,0,0,0,,0,0,0,0,0,812,25.9103,25.9103,mntn
2025-11-05,,,,,,,,,,,0,0,0,0,0,0,0,0,0,0,0,0,0,0,0,0,0,0,0,0,0,0,0,0,0,0,0,0,0,0,0,0,0,0,0,0,0,"Grand Junction-Montrose, CO",0,0,1,0,1,0,0,0,mntn
2025-11-05,,,,,,,,,,,0,0,0,0,0,0,0,0,0,0,0,0,0,0,0,0,0,0,0,0,0,0,0,0,0,0,0,0,0,0,0,0,0,0,0,0,0,"Salt Lake City, UT",0,0,5916,75,5916,0,0,0,mntn
2025-11-05,,,,,,25 OR CTV Fall -001,25 OR CTV Fall -001,,,,0,0,0,0,0,0,0,0,0,0,0,0,0,0,0,470,0,0,-1,15.0335,0.1281,242,2.8182,11,0,0,0,0,0,0,0,0,0,0,0,0,0,,0,0,0,0,0,470,15.0335,15.0335,mntn
2025-11-05,,,,,,,,,,,0,0,0,0,0,0,0,0,0,0,0,0,0,0,0,0,0,0,0,0,0,0,0,0,0,0,0,0,0,0,0,0,0,0,0,0,0,"Las Vegas, NV",0,0,29,0,29,0,0,0,mntn
2025-11-05,,,,,,,,1920x1080,,,0,0,0,0,0,0,0,0,0,0,0,0,0,0,0,0,0,0,0,0,0,0,0,0,0,6167,79,2.4608,0.0128,0,0,-1,194.4067,0.0193,4085,1.0395,76,,0,0,0,0,0,0,0,0,mntn
2025-11-05,,,,,,,,,,,0,0,0,0,0,0,0,0,0,0,0,0,0,0,0,0,0,0,0,0,0,0,0,0,0,0,0,0,0,0,0,0,0,0,0,0,0,"Denver, CO",0,0,3,0,3,0,0,0,mntn
2025-11-05,,,,,,25 BL CTV Fall-001,25 BL CTV Fall-001,,,,0,0,0,0,0,0,0,0,0,0,0,0,0,0,0,675,0,0,-1,21.399,0.0039,510,0.2,10,0,0,0,0,0,0,0,0,0,0,0,0,0,,0,0,0,0,0,675,21.399,21.399,mntn
2025-11-05,,,,,,25 MO CTV Fall-001,25 MO CTV Fall-001,,,,0,0,0,0,0,0,0,0,0,0,0,0,0,0,0,411,0,0,-1,12.095,0.0038,266,1,1,0,0,0,0,0,0,0,0,0,0,0,0,0,,0,0,0,0,0,411,12.095,12.095,mntn
2025-11-05,,,,,,25 BC CTV Fall -001,25 BC CTV Fall -001,,,,0,0,0,0,0,0,0,0,0,0,0,0,0,0,0,397,0,0,-1,11.5214,0.0095,105,1,1,0,0,0,0,0,0,0,0,0,0,0,0,0,,0,0,0,0,0,397,11.5214,11.5214,mntn
2025-11-05,,,,,,,,,,,0,0,0,0,0,0,0,0,0,0,0,0,0,0,0,0,0,0,0,0,0,0,0,0,0,0,0,0,0,0,0,0,0,0,0,0,0,"Albuquerque-Santa Fe, NM",0,0,195,0,195,0,0,0,mntn
2025-11-05,,,,,,25-26 SC Video Campaign,25-26 SC Video Campaign,,,,0,0,0,0,0,0,0,0,0,0,0,0,0,0,0,1641,0,0,-1,52.6626,0.0169,1423,1.1429,21,0,0,0,0,0,0,0,0,0,0,0,0,0,,0,0,0,0,0,1641,52.6626,52.6626,mntn
2025-11-05,,,,,,25 SL CTV Fall-001,25 SL CTV Fall-001,,,,0,0,0,0,0,0,0,0,0,0,0,0,0,0,0,800,0,0,-1,25.1877,0.027,630,0.68,25,0,0,0,0,0,0,0,0,0,0,0,0,0,,0,0,0,0,0,800,25.1877,25.1877,mntn
2025-11-05,,,,,,25 TO CTV Fall - 001,25 TO CTV Fall - 001,,,,0,0,0,0,0,0,0,0,0,0,0,0,0,0,0,457,0,0,-1,14.4779,0.0056,180,0.5,2,0,0,0,0,0,0,0,0,0,0,0,0,0,,0,0,0,0,0,457,14.4779,14.4779,mntn
2025-11-05,,,,,,,,,,,0,0,0,0,0,0,0,0,0,0,0,0,0,0,0,0,0,0,0,0,0,0,0,0,0,0,0,0,0,0,0,0,0,0,0,0,0,"Phoenix, AZ",0,0,23,2,23,0,0,0,mntn
2025-11-05,,,,,,25 UB Fall Campaign,25 UB Fall Campaign,,,,0,0,0,0,0,0,0,0,0,0,0,0,0,0,0,504,0,0,-1,16.1193,0,210,0,2,0,0,0,0,0,0,0,0,0,0,0,0,0,,0,0,0,0,0,504,16.1193,16.1193,mntn
2024-11-16,,,,,,,,,,,0,0,0,0,0,0,0,0,0,0,0,0,0,0,0,0,0,0,0,0,0,0,0,0,0,0,0,0,0,0,0,0,0,0,0,0,0,,0,0,0,0,0,0,0,0,mntn
2025-06-18,,,,,,,,,,,0,0,0,0,0,0,0,0,0,0,0,0,0,0,0,0,0,0,0,0,0,0,0,0,0,0,0,0,0,0,0,0,0,0,0,0,0,,0,0,0,0,0,0,0,0,mntn
2025-04-29,,,,,,,,,,,0,0,0,0,0,0,0,0,0,0,0,0,0,0,0,0,0,0,0,0,0,0,0,0,0,0,0,0,0,0,0,0,0,0,0,0,0,,0,0,0,0,0,0,0,0,mntn
2025-03-09,,,,,,,,,,,0,0,0,0,0,0,0,0,0,0,0,0,0,0,0,0,0,0,0,0,0,0,0,0,0,0,0,0,0,0,0,0,0,0,0,0,0,,0,0,0,0,0,0,0,0,mntn
2025-06-19,,,,,,,,,,,0,0,0,0,0,0,0,0,0,0,0,0,0,0,0,0,0,0,0,0,0,0,0,0,0,0,0,0,0,0,0,0,0,0,0,0,0,,0,0,0,0,0,0,0,0,mntn
2025-08-31,,,,,,,,,,,0,0,0,0,0,0,0,0,0,0,0,0,0,0,0,0,0,0,0,0,0,0,0,0,0,0,0,0,0,0,0,0,0,0,0,0,0,,0,0,0,0,0,0,0,0,mntn
2025-04-14,,,,,,,,,,,0,0,0,0,0,0,0,0,0,0,0,0,0,0,0,0,0,0,0,0,0,0,0,0,0,0,0,0,0,0,0,0,0,0,0,0,0,,0,0,0,0,0,0,0,0,mntn
2025-03-31,,,,,,,,,,,0,0,0,0,0,0,0,0,0,0,0,0,0,0,0,0,0,0,0,0,0,0,0,0,0,0,0,0,0,0,0,0,0,0,0,0,0,,0,0,0,0,0,0,0,0,mntn
2025-11-04,,,,,,25 UB Fall Campaign,25 UB Fall Campaign,,,,0,0,0,0,0,0,0,0,0,0,0,0,0,0,0,484,0,0,-1,14.3138,0.0038,262,0.3333,3,0,0,0,0,0,0,0,0,0,0,0,0,0,,0,0,0,0,0,484,14.3138,14.3138,mntn
2025-11-04,,,,,,,,,,,0,1.6481,0,6125,0,101,2.6279,1.8733,0.0165,6125,0,-1,71,72,0,0,0,0,0,0,0,0,0,0,0,0,0,0,0,0,0,0,0,0,0,0,0,,0,0,0,0,0,0,0,0,mntn
2025-11-04,,,,,,25 BL CTV Fall-001,25 BL CTV Fall-001,,,,0,0,0,0,0,0,0,0,0,0,0,0,0,0,0,722,0,0,-1,22.2987,0.0034,590,0.4,5,0,0,0,0,0,0,0,0,0,0,0,0,0,,0,0,0,0,0,722,22.2987,22.2987,mntn
2025-11-04,,,,,,25 PR CTV Fall-001,25 PR CTV Fall-001,,,,0,0,0,0,0,0,0,0,0,0,0,0,0,0,0,861,0,0,-1,27.4073,0.0016,632,0.3333,3,0,0,0,0,0,0,0,0,0,0,0,0,0,,0,0,0,0,0,861,27.4073,27.4073,mntn
2025-11-04,,,,,,25 BC CTV Fall -001,25 BC CTV Fall -001,,,,0,0,0,0,0,0,0,0,0,0,0,0,0,0,0,402,0,0,-1,11.3215,0.0179,112,0.4,5,0,0,0,0,0,0,0,0,0,0,0,0,0,,0,0,0,0,0,402,11.3215,11.3215,mntn
2025-11-04,,,,,,,,,,,0,0,0,0,0,0,0,0,0,0,0,0,0,0,0,0,0,0,0,0,0,0,0,0,0,0,0,0,0,0,0,0,0,0,0,0,0,"Denver, CO",0,0,3,0,3,0,0,0,mntn
2025-11-04,,,,,,25 MO CTV Fall-001,25 MO CTV Fall-001,,,,0,0,0,0,0,0,0,0,0,0,0,0,0,0,0,307,0,0,-1,9.279,0.005,201,0.5,2,0,0,0,0,0,0,0,0,0,0,0,0,0,,0,0,0,0,0,307,9.279,9.279,mntn
2025-11-04,,,,,,,,,,,0,0,0,0,0,0,0,0,0,0,0,0,0,0,0,0,0,0,0,0,0,0,0,0,0,0,0,0,0,0,0,0,0,0,0,0,0,"Phoenix, AZ",0,0,21,2,21,0,0,0,mntn
2025-11-04,,,,,,,,,,,0,0,0,0,0,0,0,0,0,0,0,0,0,0,0,0,0,0,0,0,0,0,0,0,0,0,0,0,0,0,0,0,0,0,0,0,0,"Albuquerque-Santa Fe, NM",0,0,214,0,214,0,0,0,mntn
2025-11-04,,,,,,25 SL CTV Fall-001,25 SL CTV Fall-001,,,,0,0,0,0,0,0,0,0,0,0,0,0,0,0,0,834,0,0,-1,25.9462,0.025,639,0.8421,19,0,0,0,0,0,0,0,0,0,0,0,0,0,,0,0,0,0,0,834,25.9462,25.9462,mntn
2025-11-04,,,,,,25 OR CTV Fall -001,25 OR CTV Fall -001,,,,0,0,0,0,0,0,0,0,0,0,0,0,0,0,0,418,0,0,-1,13.4913,0.1365,293,8,5,0,0,0,0,0,0,0,0,0,0,0,0,0,,0,0,0,0,0,418,13.4913,13.4913,mntn
2025-11-04,,,,,,,,,,,0,0,0,0,0,0,0,0,0,0,0,0,0,0,0,0,0,0,0,0,0,0,0,0,0,0,0,0,0,0,0,0,0,0,0,0,0,"Salt Lake City, UT",0,0,5858,98,5858,0,0,0,mntn
2025-11-04,,,,,,,,,,,0,0,0,0,0,0,0,0,0,0,0,0,0,0,0,0,0,0,0,0,0,0,0,0,0,0,0,0,0,0,0,0,0,0,0,0,0,"Grand Junction-Montrose, CO",0,0,3,0,3,0,0,0,mntn
2025-11-04,,,,,,25 TO CTV Fall - 001,25 TO CTV Fall - 001,,,,0,0,0,0,0,0,0,0,0,0,0,0,0,0,0,438,0,0,-1,13.4841,0.0055,182,0.25,4,0,0,0,0,0,0,0,0,0,0,0,0,0,,0,0,0,0,0,438,13.4841,13.4841,mntn
2025-11-04,,,,,,,,,,,0,0,0,0,0,0,0,0,0,0,0,0,0,0,0,0,0,0,0,0,0,0,0,0,0,0,0,0,0,0,0,0,0,0,0,0,0,unknown,0,0,0,1,0,0,0,0,mntn
2025-11-04,,,,,,,,,,,0,0,0,0,0,0,0,0,0,0,0,0,0,0,0,0,0,0,0,0,0,0,0,0,0,0,0,0,0,0,0,0,0,0,0,0,0,"Las Vegas, NV",0,0,26,0,26,0,0,0,mntn
2025-11-04,,,,,,,,1920x1080,,,0,0,0,0,0,0,0,0,0,0,0,0,0,0,0,0,0,0,0,0,0,0,0,0,0,6125,101,1.8733,0.0165,0,0,-1,189.2066,0.024,4214,1.4028,72,,0,0,0,0,0,0,0,0,mntn
2025-11-04,,,,,,25-26 SC Video Campaign,25-26 SC Video Campaign,,,,0,0,0,0,0,0,0,0,0,0,0,0,0,0,0,1659,0,0,-1,51.6647,0.0264,1403,1.4231,26,0,0,0,0,0,0,0,0,0,0,0,0,0,,0,0,0,0,0,1659,51.6647,51.6647,mntn
2025-05-25,,,,,,,,,,,0,0,0,0,0,0,0,0,0,0,0,0,0,0,0,0,0,0,0,0,0,0,0,0,0,0,0,0,0,0,0,0,0,0,0,0,0,,0,0,0,0,0,0,0,0,mntn
2025-04-01,,,,,,,,,,,0,0,0,0,0,0,0,0,0,0,0,0,0,0,0,0,0,0,0,0,0,0,0,0,0,0,0,0,0,0,0,0,0,0,0,0,0,,0,0,0,0,0,0,0,0,mntn
2025-08-22,,,,,,,,,,,0,0,0,0,0,0,0,0,0,0,0,0,0,0,0,0,0,0,0,0,0,0,0,0,0,0,0,0,0,0,0,0,0,0,0,0,0,,0,0,0,0,0,0,0,0,mntn
2025-06-09,,,,,,,,,,,0,0,0,0,0,0,0,0,0,0,0,0,0,0,0,0,0,0,0,0,0,0,0,0,0,0,0,0,0,0,0,0,0,0,0,0,0,,0,0,0,0,0,0,0,0,mntn
2025-10-08,,,,,,,,,,,0,0,0,0,0,0,0,0,0,0,0,0,0,0,0,0,0,0,0,0,0,0,0,0,0,0,0,0,0,0,0,0,0,0,0,0,0,,0,0,0,0,0,0,0,0,mntn
2025-09-27,,,,,,,,,,,0,0,0,0,0,0,0,0,0,0,0,0,0,0,0,0,0,0,0,0,0,0,0,0,0,0,0,0,0,0,0,0,0,0,0,0,0,,0,0,0,0,0,0,0,0,mntn
2025-09-18,,,,,,,,,,,0,0,0,0,0,0,0,0,0,0,0,0,0,0,0,0,0,0,0,0,0,0,0,0,0,0,0,0,0,0,0,0,0,0,0,0,0,,0,0,0,0,0,0,0,0,mntn
2025-11-14,,,,,,,,1920x1080,,,0,0,0,0,0,0,0,0,0,0,0,0,0,0,0,0,0,0,0,0,0,0,0,0,0.9864,5932,72,2.5776,0.012,71,0,-1,185.588,0.0176,4095,1.0141,71,,0,0,0,0,0,0,0,0,mntn
2025-11-14,,,,,,25 MO CTV Fall-001,25 MO CTV Fall-001,,,,0,0,0,0,0,0,0,0,0,0,0,0,0,0,0.9845,334,0,0,-1,9.6104,0,205,0,0,0,0,0,0,0,0,0,0,0,0,0,0,0,,0,0,0,0,0,339,9.6104,9.6104,mntn
2025-11-14,,,,,,,,,,,0,0,0,0,0,0,0,0,0,0,0,0,0,0,0,0,0,0,0,0,0,0,0,0,0,0,0,0,0,0,0,0,0,0,0,0,0,"Phoenix, AZ",0,1,27,1,27,0,0,0,mntn
2025-11-14,,,,,,25 SL CTV Fall-001,25 SL CTV Fall-001,,,,0,0,0,0,0,0,0,0,0,0,0,0,0,0,0.9784,712,14,0,-1,22.4878,0.02,599,0.8571,14,0,0,0,0,0,0,0,0,0,0,0,0,0,,0,0,0,0,0,728,22.4878,22.4878,mntn
2025-11-14,,,,,,,,,,,0,0,0,0,0,0,0,0,0,0,0,0,0,0,0,0,0,0,0,0,0,0,0,0,0,0,0,0,0,0,0,0,0,0,0,0,0,unknown,0,0,0,0,0,0,0,0,mntn
2025-11-14,,,,,,25 BC CTV Fall -001,25 BC CTV Fall -001,,,,0,0,0,0,0,0,0,0,0,0,0,0,0,0,0.9847,411,2,0,-1,12.5522,0.0177,113,1,2,0,0,0,0,0,0,0,0,0,0,0,0,0,,0,0,0,0,0,417,12.5522,12.5522,mntn
2025-11-14,,,,,,25 PR CTV Fall-001,25 PR CTV Fall-001,,,,0,0,0,0,0,0,0,0,0,0,0,0,0,0,0.9884,805,2,0,-1,25.8279,0.0015,649,0.5,2,0,0,0,0,0,0,0,0,0,0,0,0,0,,0,0,0,0,0,814,25.8279,25.8279,mntn
2025-11-14,,,,,,25 OR CTV Fall -001,25 OR CTV Fall -001,,,,0,0,0,0,0,0,0,0,0,0,0,0,0,0,0.9831,480,10,0,-1,15.5421,0.0791,278,2.2,10,0,0,0,0,0,0,0,0,0,0,0,0,0,,0,0,0,0,0,488,15.5421,15.5421,mntn
2025-11-14,,,,,,25 BL CTV Fall-001,25 BL CTV Fall-001,,,,0,0,0,0,0,0,0,0,0,0,0,0,0,0,0.9838,626,6,0,-1,19.6871,0.0078,514,0.6667,6,0,0,0,0,0,0,0,0,0,0,0,0,0,,0,0,0,0,0,636,19.6871,19.6871,mntn
2025-11-14,,,,,,25 TO CTV Fall - 001,25 TO CTV Fall - 001,,,,0,0,0,0,0,0,0,0,0,0,0,0,0,0,0.9914,474,3,0,-1,14.4519,0.0279,179,1.6667,3,0,0,0,0,0,0,0,0,0,0,0,0,0,,0,0,0,0,0,478,14.4519,14.4519,mntn
2025-11-14,,,,,,,,,,,0,0,0,0,0,0,0,0,0,0,0,0,0,0,0,0,0,0,0,0,0,0,0,0,0,0,0,0,0,0,0,0,0,0,0,0,0,"Salt Lake City, UT",0,0.9863,5810,71,5891,0,0,0,mntn
2025-11-14,,,,,,,,,,,0,0,0,0,0,0,0,0,0,0,0,0,0,0,0,0,0,0,0,0,0,0,0,0,0,0,0,0,0,0,0,0,0,0,0,0,0,"Albuquerque-Santa Fe, NM",0,0.9778,46,0,47,0,0,0,mntn
2025-11-14,,,,,,,,,,,0,0,0,0,0,0,0,0,0,0,0,0,0,0,0,0,0,0,0,0,0,0,0,0,0,0,0,0,0,0,0,0,0,0,0,0,0,"Las Vegas, NV",0,1,43,0,43,0,0,0,mntn
2025-11-14,,,,,,25-26 SC Video Campaign,25-26 SC Video Campaign,,,,0,0,0,0,0,0,0,0,0,0,0,0,0,0,0.993,1595,33,0,-1,50.1464,0.018,1442,0.7879,33,0,0,0,0,0,0,0,0,0,0,0,0,0,,0,0,0,0,0,1606,50.1464,50.1464,mntn
2025-11-14,,,,,,,,,,,0,2.9091,0.9864,5932,0,72,2.6139,2.5776,0.012,6014,0,-1,71,71,0,0,0,0,0,0,0,0,0,0,0,0,0,0,0,0,0,0,0,0,0,0,0,,0,0,0,0,0,0,0,0,mntn
2025-11-14,,,,,,25 UB Fall Campaign,25 UB Fall Campaign,,,,0,0,0,0,0,0,0,0,0,0,0,0,0,0,0.9778,497,1,0,-1,15.2823,0,239,0,1,0,0,0,0,0,0,0,0,0,0,0,0,0,,0,0,0,0,0,508,15.2823,15.2823,mntn
2025-11-14,,,,,,,,,,,0,0,0,0,0,0,0,0,0,0,0,0,0,0,0,0,0,0,0,0,0,0,0,0,0,0,0,0,0,0,0,0,0,0,0,0,0,"Denver, CO",0,1,6,0,6,0,0,0,mntn
2025-07-11,,,,,,,,,,,0,0,0,0,0,0,0,0,0,0,0,0,0,0,0,0,0,0,0,0,0,0,0,0,0,0,0,0,0,0,0,0,0,0,0,0,0,,0,0,0,0,0,0,0,0,mntn
2025-03-08,,,,,,,,,,,0,0,0,0,0,0,0,0,0,0,0,0,0,0,0,0,0,0,0,0,0,0,0,0,0,0,0,0,0,0,0,0,0,0,0,0,0,,0,0,0,0,0,0,0,0,mntn
2025-06-04,,,,,,,,,,,0,0,0,0,0,0,0,0,0,0,0,0,0,0,0,0,0,0,0,0,0,0,0,0,0,0,0,0,0,0,0,0,0,0,0,0,0,,0,0,0,0,0,0,0,0,mntn
2025-05-10,,,,,,,,,,,0,0,0,0,0,0,0,0,0,0,0,0,0,0,0,0,0,0,0,0,0,0,0,0,0,0,0,0,0,0,0,0,0,0,0,0,0,,0,0,0,0,0,0,0,0,mntn
2025-10-19,,,,,,,,,,,0,1.9629,0,0,0,0,0,0,0,0,0,0,0,0,0,0,0,0,0,0,0,0,0,0,0,0,0,0,0,0,0,0,0,0,0,0,0,,0,0,0,0,0,0,0,0,mntn
2025-07-01,,,,,,,,,,,0,0,0,0,0,0,0,0,0,0,0,0,0,0,0,0,0,0,0,0,0,0,0,0,0,0,0,0,0,0,0,0,0,0,0,0,0,,0,0,0,0,0,0,0,0,mntn
2025-11-18,,,,,,,,,,,0,0,0,0,0,0,0,0,0,0,0,0,0,0,0,0,0,0,0,0,0,0,0,0,0,0,0,0,0,0,0,0,0,0,0,0,0,"Grand Junction-Montrose, CO",0,1,2,0,2,0,0,0,mntn
2025-11-18,,,,,,25-26 SC Video Campaign,25-26 SC Video Campaign,,,,0,0,0,0,0,0,0,0,0,0,0,0,0,0,0.9912,1630,30,0,-1,52.7587,0.0169,1475,0.8065,31,0,0,0,0,0,0,0,0,0,0,0,0,0,,0,0,0,0,0,1644,52.7587,52.7587,mntn
2025-11-18,,,,,,,,,,,0,0,0,0,0,0,0,0,0,0,0,0,0,0,0,0,0,0,0,0,0,0,0,0,0,0,0,0,0,0,0,0,0,0,0,0,0,"Albuquerque-Santa Fe, NM",0,0.9939,170,0,171,0,0,0,mntn
2025-11-18,,,,,,25 OR CTV Fall -001,25 OR CTV Fall -001,,,,0,0,0,0,0,0,0,0,0,0,0,0,0,0,0.9855,488,6,0,-1,15.4718,0.1057,265,4,7,0,0,0,0,0,0,0,0,0,0,0,0,0,,0,0,0,0,0,495,15.4718,15.4718,mntn
2025-11-18,,,,,,,,,,,0,0,0,0,0,0,0,0,0,0,0,0,0,0,0,0,0,0,0,0,0,0,0,0,0,0,0,0,0,0,0,0,0,0,0,0,0,"Denver, CO",0,1,1,0,1,0,0,0,mntn
2025-11-18,,,,,,25 TO CTV Fall - 001,25 TO CTV Fall - 001,,,,0,0,0,0,0,0,0,0,0,0,0,0,0,0,0.9736,456,1,0,-1,14.2859,0,187,0,1,0,0,0,0,0,0,0,0,0,0,0,0,0,,0,0,0,0,0,468,14.2859,14.2859,mntn
2025-11-18,,,,,,25 BC CTV Fall -001,25 BC CTV Fall -001,,,,0,0,0,0,0,0,0,0,0,0,0,0,0,0,0.9869,475,2,0,-1,14.2728,0.0084,119,0.5,2,0,0,0,0,0,0,0,0,0,0,0,0,0,,0,0,0,0,0,481,14.2728,14.2728,mntn
2025-11-18,,,,,,,,,,,0,0,0,0,0,0,0,0,0,0,0,0,0,0,0,0,0,0,0,0,0,0,0,0,0,0,0,0,0,0,0,0,0,0,0,0,0,"Salt Lake City, UT",0,0.9871,5944,82,6022,0,0,0,mntn
2025-11-18,,,,,,,,,,,0,0,0,0,0,0,0,0,0,0,0,0,0,0,0,0,0,0,0,0,0,0,0,0,0,0,0,0,0,0,0,0,0,0,0,0,0,unknown,0,0,0,0,0,0,0,0,mntn
2025-11-18,,,,,,25 PR CTV Fall-001,25 PR CTV Fall-001,,,,0,0,0,0,0,0,0,0,0,0,0,0,0,0,0.9874,803,5,0,-1,25.8424,0.0032,627,0.4,5,0,0,0,0,0,0,0,0,0,0,0,0,0,,0,0,0,0,0,813,25.8424,25.8424,mntn
2025-11-18,,,,,,25 SL CTV Fall-001,25 SL CTV Fall-001,,,,0,0,0,0,0,0,0,0,0,0,0,0,0,0,0.9866,766,22,0,-1,23.9933,0.0317,631,0.8696,23,0,0,0,0,0,0,0,0,0,0,0,0,0,,0,0,0,0,0,776,23.9933,23.9933,mntn
2025-11-18,,,,,,,,,,,0,0,0,0,0,0,0,0,0,0,0,0,0,0,0,0,0,0,0,0,0,0,0,0,0,0,0,0,0,0,0,0,0,0,0,0,0,"Phoenix, AZ",0,0,0,1,0,0,0,0,mntn
2025-11-18,,,,,,,,1920x1080,,,0,0,0,0,0,0,0,0,0,0,0,0,0,0,0,0,0,0,0,0,0,0,0,0,0.9873,6139,83,2.3287,0.0133,89,0,-1,193.2832,0.0198,4192,0.9022,92,,0,0,0,0,0,0,0,0,mntn
2025-11-18,,,,,,25 UB Fall Campaign,25 UB Fall Campaign,,,,0,0,0,0,0,0,0,0,0,0,0,0,0,0,0.9862,525,3,0,-1,16.0214,0.0037,268,0.3333,3,0,0,0,0,0,0,0,0,0,0,0,0,0,,0,0,0,0,0,532,16.0214,16.0214,mntn
2025-11-18,,,,,,25 BL CTV Fall-001,25 BL CTV Fall-001,,,,0,0,0,0,0,0,0,0,0,0,0,0,0,0,0.9891,650,15,0,-1,20.2171,0.0113,530,0.4,15,0,0,0,0,0,0,0,0,0,0,0,0,0,,0,0,0,0,0,657,20.2171,20.2171,mntn
2025-11-18,,,,,,25 MO CTV Fall-001,25 MO CTV Fall-001,,,,0,0,0,0,0,0,0,0,0,0,0,0,0,0,0.991,349,5,0,-1,10.4197,0,208,0,5,0,0,0,0,0,0,0,0,0,0,0,0,0,,0,0,0,0,0,352,10.4197,10.4197,mntn
2025-11-18,,,,,,,,,,,0,3.0343,0.9873,6139,0,83,2.1009,2.3287,0.0133,6218,0,-1,92,92,0,0,0,0,0,0,0,0,0,0,0,0,0,0,0,0,0,0,0,0,0,0,0,,0,0,0,0,0,0,0,0,mntn
2025-11-18,,,,,,,,,,,0,0,0,0,0,0,0,0,0,0,0,0,0,0,0,0,0,0,0,0,0,0,0,0,0,0,0,0,0,0,0,0,0,0,0,0,0,"Las Vegas, NV",0,1,22,0,22,0,0,0,mntn
2025-08-30,,,,,,,,,,,0,0,0,0,0,0,0,0,0,0,0,0,0,0,0,0,0,0,0,0,0,0,0,0,0,0,0,0,0,0,0,0,0,0,0,0,0,,0,0,0,0,0,0,0,0,mntn
2025-08-07,,,,,,,,,,,0,0,0,0,0,0,0,0,0,0,0,0,0,0,0,0,0,0,0,0,0,0,0,0,0,0,0,0,0,0,0,0,0,0,0,0,0,,0,0,0,0,0,0,0,0,mntn
2025-07-23,,,,,,,,,,,0,0,0,0,0,0,0,0,0,0,0,0,0,0,0,0,0,0,0,0,0,0,0,0,0,0,0,0,0,0,0,0,0,0,0,0,0,,0,0,0,0,0,0,0,0,mntn
2025-04-21,,,,,,,,,,,0,0,0,0,0,0,0,0,0,0,0,0,0,0,0,0,0,0,0,0,0,0,0,0,0,0,0,0,0,0,0,0,0,0,0,0,0,,0,0,0,0,0,0,0,0,mntn
2024-12-09,,,,,,,,,,,0,0,0,0,0,0,0,0,0,0,0,0,0,0,0,0,0,0,0,0,0,0,0,0,0,0,0,0,0,0,0,0,0,0,0,0,0,,0,0,0,0,0,0,0,0,mntn
2025-09-15,,,,,,,,,,,0,0,0,0,0,0,0,0,0,0,0,0,0,0,0,0,0,0,0,0,0,0,0,0,0,0,0,0,0,0,0,0,0,0,0,0,0,,0,0,0,0,0,0,0,0,mntn
2025-06-17,,,,,,,,,,,0,0,0,0,0,0,0,0,0,0,0,0,0,0,0,0,0,0,0,0,0,0,0,0,0,0,0,0,0,0,0,0,0,0,0,0,0,,0,0,0,0,0,0,0,0,mntn
2025-10-03,,,,,,,,,,,0,0,0,0,0,0,0,0,0,0,0,0,0,0,0,0,0,0,0,0,0,0,0,0,0,0,0,0,0,0,0,0,0,0,0,0,0,,0,0,0,0,0,0,0,0,mntn
2025-07-26,,,,,,,,,,,0,0,0,0,0,0,0,0,0,0,0,0,0,0,0,0,0,0,0,0,0,0,0,0,0,0,0,0,0,0,0,0,0,0,0,0,0,,0,0,0,0,0,0,0,0,mntn
2025-10-14,,,,,,,,,,,0,5.3909,0,0,0,0,0,0,0,0,0,0,0,0,0,0,0,0,0,0,0,0,0,0,0,0,0,0,0,0,0,0,0,0,0,0,0,,0,0,0,0,0,0,0,0,mntn
2024-11-14,,,,,,,,,,,0,0,0,0,0,0,0,0,0,0,0,0,0,0,0,0,0,0,0,0,0,0,0,0,0,0,0,0,0,0,0,0,0,0,0,0,0,,0,0,0,0,0,0,0,0,mntn
2024-12-06,,,,,,,,,,,0,0,0,0,0,0,0,0,0,0,0,0,0,0,0,0,0,0,0,0,0,0,0,0,0,0,0,0,0,0,0,0,0,0,0,0,0,,0,0,0,0,0,0,0,0,mntn
2024-12-21,,,,,,,,,,,0,0,0,0,0,0,0,0,0,0,0,0,0,0,0,0,0,0,0,0,0,0,0,0,0,0,0,0,0,0,0,0,0,0,0,0,0,,0,0,0,0,0,0,0,0,mntn
2025-06-05,,,,,,,,,,,0,0,0,0,0,0,0,0,0,0,0,0,0,0,0,0,0,0,0,0,0,0,0,0,0,0,0,0,0,0,0,0,0,0,0,0,0,,0,0,0,0,0,0,0,0,mntn
2025-10-13,,,,,,,,,,,0,1,0,0,0,0,0,0,0,0,0,0,0,0,0,0,0,0,0,0,0,0,0,0,0,0,0,0,0,0,0,0,0,0,0,0,0,,0,0,0,0,0,0,0,0,mntn
2025-02-15,,,,,,,,,,,0,0,0,0,0,0,0,0,0,0,0,0,0,0,0,0,0,0,0,0,0,0,0,0,0,0,0,0,0,0,0,0,0,0,0,0,0,,0,0,0,0,0,0,0,0,mntn
2025-08-06,,,,,,,,,,,0,0,0,0,0,0,0,0,0,0,0,0,0,0,0,0,0,0,0,0,0,0,0,0,0,0,0,0,0,0,0,0,0,0,0,0,0,,0,0,0,0,0,0,0,0,mntn
2025-03-30,,,,,,,,,,,0,0,0,0,0,0,0,0,0,0,0,0,0,0,0,0,0,0,0,0,0,0,0,0,0,0,0,0,0,0,0,0,0,0,0,0,0,,0,0,0,0,0,0,0,0,mntn
2025-03-07,,,,,,,,,,,0,0,0,0,0,0,0,0,0,0,0,0,0,0,0,0,0,0,0,0,0,0,0,0,0,0,0,0,0,0,0,0,0,0,0,0,0,,0,0,0,0,0,0,0,0,mntn
2025-07-05,,,,,,,,,,,0,0,0,0,0,0,0,0,0,0,0,0,0,0,0,0,0,0,0,0,0,0,0,0,0,0,0,0,0,0,0,0,0,0,0,0,0,,0,0,0,0,0,0,0,0,mntn
2025-04-06,,,,,,,,,,,0,0,0,0,0,0,0,0,0,0,0,0,0,0,0,0,0,0,0,0,0,0,0,0,0,0,0,0,0,0,0,0,0,0,0,0,0,,0,0,0,0,0,0,0,0,mntn
2025-09-12,,,,,,,,,,,0,0,0,0,0,0,0,0,0,0,0,0,0,0,0,0,0,0,0,0,0,0,0,0,0,0,0,0,0,0,0,0,0,0,0,0,0,,0,0,0,0,0,0,0,0,mntn
2025-05-13,,,,,,,,,,,0,0,0,0,0,0,0,0,0,0,0,0,0,0,0,0,0,0,0,0,0,0,0,0,0,0,0,0,0,0,0,0,0,0,0,0,0,,0,0,0,0,0,0,0,0,mntn
2025-06-24,,,,,,,,,,,0,0,0,0,0,0,0,0,0,0,0,0,0,0,0,0,0,0,0,0,0,0,0,0,0,0,0,0,0,0,0,0,0,0,0,0,0,,0,0,0,0,0,0,0,0,mntn
2025-11-01,,,,,,,,,,,0,0,0,0,0,0,0,0,0,0,0,0,0,0,0,0,0,0,0,0,0,0,0,0,0,0,0,0,0,0,0,0,0,0,0,0,0,"Phoenix, AZ",0,1,17,0,17,0,0,0,mntn
2025-11-01,,,,,,,,,,,0,1.3954,0.985,6265,0,24,3.9219,7.6804,0.0038,6361,0,-1,47,47,0,0,0,0,0,0,0,0,0,0,0,0,0,0,0,0,0,0,0,0,0,0,0,,0,0,0,0,0,0,0,0,mntn
2025-11-01,,,,,,25-26 SC Video Campaign,25-26 SC Video Campaign,,,,0,0,0,0,0,0,0,0,0,0,0,0,0,0,0.9923,1583,19,0,-1,47.2028,0.0068,1331,0.4737,19,0,0,0,0,0,0,0,0,0,0,0,0,0,,0,0,0,0,0,1595,47.2028,47.2028,mntn
2025-11-01,,,,,,25 MO CTV Fall-001,25 MO CTV Fall-001,,,,0,0,0,0,0,0,0,0,0,0,0,0,0,0,0.9885,360,0,0,-1,9.9527,0,234,0,0,0,0,0,0,0,0,0,0,0,0,0,0,0,,0,0,0,0,0,364,9.9527,9.9527,mntn
2025-11-01,,,,,,25 TO CTV Fall - 001,25 TO CTV Fall - 001,,,,0,0,0,0,0,0,0,0,0,0,0,0,0,0,0.9643,508,3,0,-1,14.8121,0.0144,208,1,3,0,0,0,0,0,0,0,0,0,0,0,0,0,,0,0,0,0,0,527,14.8121,14.8121,mntn
2025-11-01,,,,,,25 PR CTV Fall-001,25 PR CTV Fall-001,,,,0,0,0,0,0,0,0,0,0,0,0,0,0,0,0.9897,899,2,0,-1,26.7799,0.0031,650,1,2,0,0,0,0,0,0,0,0,0,0,0,0,0,,0,0,0,0,0,908,26.7799,26.7799,mntn
2025-11-01,,,,,,,,,,,0,0,0,0,0,0,0,0,0,0,0,0,0,0,0,0,0,0,0,0,0,0,0,0,0,0,0,0,0,0,0,0,0,0,0,0,0,unknown,0,0,0,0,0,0,0,0,mntn
2025-11-01,,,,,,,,1920x1080,,,0,0,0,0,0,0,0,0,0,0,0,0,0,0,0,0,0,0,0,0,0,0,0,0,0.985,6265,24,7.6804,0.0038,47,0,-1,184.3293,0.0057,4204,0.5106,47,,0,0,0,0,0,0,0,0,mntn
2025-11-01,,,,,,,,,,,0,0,0,0,0,0,0,0,0,0,0,0,0,0,0,0,0,0,0,0,0,0,0,0,0,0,0,0,0,0,0,0,0,0,0,0,0,"Albuquerque-Santa Fe, NM",0,1,217,0,217,0,0,0,mntn
2025-11-01,,,,,,,,,,,0,0,0,0,0,0,0,0,0,0,0,0,0,0,0,0,0,0,0,0,0,0,0,0,0,0,0,0,0,0,0,0,0,0,0,0,0,"Grand Junction-Montrose, CO",0,1,3,0,3,0,0,0,mntn
2025-11-01,,,,,,,,,,,0,0,0,0,0,0,0,0,0,0,0,0,0,0,0,0,0,0,0,0,0,0,0,0,0,0,0,0,0,0,0,0,0,0,0,0,0,"Salt Lake City, UT",0,0.9843,5994,24,6090,0,0,0,mntn
2025-11-01,,,,,,25 BL CTV Fall-001,25 BL CTV Fall-001,,,,0,0,0,0,0,0,0,0,0,0,0,0,0,0,0.9942,699,3,0,-1,20.2146,0,520,0,3,0,0,0,0,0,0,0,0,0,0,0,0,0,,0,0,0,0,0,703,20.2146,20.2146,mntn
2025-11-01,,,,,,25 BC CTV Fall -001,25 BC CTV Fall -001,,,,0,0,0,0,0,0,0,0,0,0,0,0,0,0,0.9719,416,0,0,-1,11.6461,0,123,0,0,0,0,0,0,0,0,0,0,0,0,0,0,0,,0,0,0,0,0,428,11.6461,11.6461,mntn
2025-11-01,,,,,,,,,,,0,0,0,0,0,0,0,0,0,0,0,0,0,0,0,0,0,0,0,0,0,0,0,0,0,0,0,0,0,0,0,0,0,0,0,0,0,"Las Vegas, NV",0,1,32,0,32,0,0,0,mntn
2025-11-01,,,,,,25 OR CTV Fall -001,25 OR CTV Fall -001,,,,0,0,0,0,0,0,0,0,0,0,0,0,0,0,0.9647,459,6,0,-1,13.9894,0.0085,355,0.5,6,0,0,0,0,0,0,0,0,0,0,0,0,0,,0,0,0,0,0,476,13.9894,13.9894,mntn
2025-11-01,,,,,,25 SL CTV Fall-001,25 SL CTV Fall-001,,,,0,0,0,0,0,0,0,0,0,0,0,0,0,0,0.9839,816,14,0,-1,24.372,0.0115,607,0.5,14,0,0,0,0,0,0,0,0,0,0,0,0,0,,0,0,0,0,0,829,24.372,24.372,mntn
2025-11-01,,,,,,25 UB Fall Campaign,25 UB Fall Campaign,,,,0,0,0,0,0,0,0,0,0,0,0,0,0,0,0.9902,526,0,0,-1,15.3597,0,261,0,0,0,0,0,0,0,0,0,0,0,0,0,0,0,,0,0,0,0,0,531,15.3597,15.3597,mntn
2025-11-01,,,,,,,,,,,0,0,0,0,0,0,0,0,0,0,0,0,0,0,0,0,0,0,0,0,0,0,0,0,0,0,0,0,0,0,0,0,0,0,0,0,0,"Denver, CO",0,1,2,0,2,0,0,0,mntn
2025-08-03,,,,,,,,,,,0,0,0,0,0,0,0,0,0,0,0,0,0,0,0,0,0,0,0,0,0,0,0,0,0,0,0,0,0,0,0,0,0,0,0,0,0,,0,0,0,0,0,0,0,0,mntn
2025-09-16,,,,,,,,,,,0,0,0,0,0,0,0,0,0,0,0,0,0,0,0,0,0,0,0,0,0,0,0,0,0,0,0,0,0,0,0,0,0,0,0,0,0,,0,0,0,0,0,0,0,0,mntn
2025-07-27,,,,,,,,,,,0,0,0,0,0,0,0,0,0,0,0,0,0,0,0,0,0,0,0,0,0,0,0,0,0,0,0,0,0,0,0,0,0,0,0,0,0,,0,0,0,0,0,0,0,0,mntn
2025-03-22,,,,,,,,,,,0,0,0,0,0,0,0,0,0,0,0,0,0,0,0,0,0,0,0,0,0,0,0,0,0,0,0,0,0,0,0,0,0,0,0,0,0,,0,0,0,0,0,0,0,0,mntn
2025-05-26,,,,,,,,,,,0,0,0,0,0,0,0,0,0,0,0,0,0,0,0,0,0,0,0,0,0,0,0,0,0,0,0,0,0,0,0,0,0,0,0,0,0,,0,0,0,0,0,0,0,0,mntn
2025-08-28,,,,,,,,,,,0,0,0,0,0,0,0,0,0,0,0,0,0,0,0,0,0,0,0,0,0,0,0,0,0,0,0,0,0,0,0,0,0,0,0,0,0,,0,0,0,0,0,0,0,0,mntn
2025-07-31,,,,,,,,,,,0,0,0,0,0,0,0,0,0,0,0,0,0,0,0,0,0,0,0,0,0,0,0,0,0,0,0,0,0,0,0,0,0,0,0,0,0,,0,0,0,0,0,0,0,0,mntn
2025-11-12,,,,,,,,,,,0,3.1285,0.9894,6110,0,71,2.6352,2.7465,0.0115,6176,0,-1,71,74,0,0,0,0,0,0,0,0,0,0,0,0,0,0,0,0,0,0,0,0,0,0,0,,0,0,0,0,0,0,0,0,mntn
2025-11-12,,,,,,,,1920x1080,,,0,0,0,0,0,0,0,0,0,0,0,0,0,0,0,0,0,0,0,0,0,0,0,0,0.9894,6110,71,2.7465,0.0115,71,0,-1,195.0027,0.0167,4244,0.9595,74,,0,0,0,0,0,0,0,0,mntn
2025-11-12,,,,,,25 BC CTV Fall -001,25 BC CTV Fall -001,,,,0,0,0,0,0,0,0,0,0,0,0,0,0,0,0.9869,407,0,0,-1,12.8898,0.0095,105,0,0,0,0,0,0,0,0,0,0,0,0,0,0,0,,0,0,0,0,0,412,12.8898,12.8898,mntn
2025-11-12,,,,,,25 OR CTV Fall -001,25 OR CTV Fall -001,,,,0,0,0,0,0,0,0,0,0,0,0,0,0,0,0.9851,495,6,0,-1,15.8695,0.08,350,4.6667,6,0,0,0,0,0,0,0,0,0,0,0,0,0,,0,0,0,0,0,502,15.8695,15.8695,mntn
2025-11-12,,,,,,25 TO CTV Fall - 001,25 TO CTV Fall - 001,,,,0,0,0,0,0,0,0,0,0,0,0,0,0,0,0.9886,459,0,0,-1,14.5668,0.0055,182,0,0,0,0,0,0,0,0,0,0,0,0,0,0,0,,0,0,0,0,0,464,14.5668,14.5668,mntn
2025-11-12,,,,,,25 UB Fall Campaign,25 UB Fall Campaign,,,,0,0,0,0,0,0,0,0,0,0,0,0,0,0,0.9898,501,2,0,-1,15.5907,0.0037,270,0.5,2,0,0,0,0,0,0,0,0,0,0,0,0,0,,0,0,0,0,0,506,15.5907,15.5907,mntn
2025-11-12,,,,,,25 MO CTV Fall-001,25 MO CTV Fall-001,,,,0,0,0,0,0,0,0,0,0,0,0,0,0,0,0.9878,340,2,0,-1,10.2845,0.0043,233,0.5,2,0,0,0,0,0,0,0,0,0,0,0,0,0,,0,0,0,0,0,344,10.2845,10.2845,mntn
2025-11-12,,,,,,25 PR CTV Fall-001,25 PR CTV Fall-001,,,,0,0,0,0,0,0,0,0,0,0,0,0,0,0,0.9834,808,4,0,-1,25.9378,0.0031,637,0.5,4,0,0,0,0,0,0,0,0,0,0,0,0,0,,0,0,0,0,0,822,25.9378,25.9378,mntn
2025-11-12,,,,,,25-26 SC Video Campaign,25-26 SC Video Campaign,,,,0,0,0,0,0,0,0,0,0,0,0,0,0,0,0.9932,1654,26,0,-1,53.4969,0.0154,1432,0.8148,27,0,0,0,0,0,0,0,0,0,0,0,0,0,,0,0,0,0,0,1665,53.4969,53.4969,mntn
2025-11-12,,,,,,25 BL CTV Fall-001,25 BL CTV Fall-001,,,,0,0,0,0,0,0,0,0,0,0,0,0,0,0,0.9925,669,14,0,-1,21.4973,0.0056,532,0.1875,16,0,0,0,0,0,0,0,0,0,0,0,0,0,,0,0,0,0,0,674,21.4973,21.4973,mntn
2025-11-12,,,,,,25 SL CTV Fall-001,25 SL CTV Fall-001,,,,0,0,0,0,0,0,0,0,0,0,0,0,0,0,0.9895,779,17,0,-1,24.8692,0.02,600,0.7059,17,0,0,0,0,0,0,0,0,0,0,0,0,0,,0,0,0,0,0,787,24.8692,24.8692,mntn
2025-11-12,,,,,,,,,,,0,0,0,0,0,0,0,0,0,0,0,0,0,0,0,0,0,0,0,0,0,0,0,0,0,0,0,0,0,0,0,0,0,0,0,0,0,"Albuquerque-Santa Fe, NM",0,0.9924,135,0,136,0,0,0,mntn
2025-11-12,,,,,,,,,,,0,0,0,0,0,0,0,0,0,0,0,0,0,0,0,0,0,0,0,0,0,0,0,0,0,0,0,0,0,0,0,0,0,0,0,0,0,"Las Vegas, NV",0,0.9655,30,0,31,0,0,0,mntn
2025-11-12,,,,,,,,,,,0,0,0,0,0,0,0,0,0,0,0,0,0,0,0,0,0,0,0,0,0,0,0,0,0,0,0,0,0,0,0,0,0,0,0,0,0,"Grand Junction-Montrose, CO",0,1,2,0,2,0,0,0,mntn
2025-11-12,,,,,,,,,,,0,0,0,0,0,0,0,0,0,0,0,0,0,0,0,0,0,0,0,0,0,0,0,0,0,0,0,0,0,0,0,0,0,0,0,0,0,"Denver, CO",0,1,2,0,2,0,0,0,mntn
2025-11-12,,,,,,,,,,,0,0,0,0,0,0,0,0,0,0,0,0,0,0,0,0,0,0,0,0,0,0,0,0,0,0,0,0,0,0,0,0,0,0,0,0,0,"Salt Lake City, UT",0,0.9894,5917,70,5980,0,0,0,mntn
2025-11-12,,,,,,,,,,,0,0,0,0,0,0,0,0,0,0,0,0,0,0,0,0,0,0,0,0,0,0,0,0,0,0,0,0,0,0,0,0,0,0,0,0,0,"Phoenix, AZ",0,1,25,1,25,0,0,0,mntn
2025-10-29,,,,,,25-26 SC Video Campaign,25-26 SC Video Campaign,,,,0,0,0,0,0,0,0,0,0,0,0,0,0,0,0.9898,1699,21,0,-1,51.2953,0.0103,1452,0.7143,21,0,0,0,0,0,0,0,0,0,0,0,0,0,,0,0,0,0,0,1717,51.2953,51.2953,mntn
2025-01-27,,,,,,,,,,,0,0,0,0,0,0,0,0,0,0,0,0,0,0,0,0,0,0,0,0,0,0,0,0,0,0,0,0,0,0,0,0,0,0,0,0,0,,0,0,0,0,0,0,0,0,mntn
2025-07-13,,,,,,,,,,,0,0,0,0,0,0,0,0,0,0,0,0,0,0,0,0,0,0,0,0,0,0,0,0,0,0,0,0,0,0,0,0,0,0,0,0,0,,0,0,0,0,0,0,0,0,mntn
2025-04-27,,,,,,,,,,,0,0,0,0,0,0,0,0,0,0,0,0,0,0,0,0,0,0,0,0,0,0,0,0,0,0,0,0,0,0,0,0,0,0,0,0,0,,0,0,0,0,0,0,0,0,mntn
2025-03-06,,,,,,,,,,,0,0,0,0,0,0,0,0,0,0,0,0,0,0,0,0,0,0,0,0,0,0,0,0,0,0,0,0,0,0,0,0,0,0,0,0,0,,0,0,0,0,0,0,0,0,mntn
2025-01-12,,,,,,,,,,,0,0,0,0,0,0,0,0,0,0,0,0,0,0,0,0,0,0,0,0,0,0,0,0,0,0,0,0,0,0,0,0,0,0,0,0,0,,0,0,0,0,0,0,0,0,mntn
2025-03-12,,,,,,,,,,,0,0,0,0,0,0,0,0,0,0,0,0,0,0,0,0,0,0,0,0,0,0,0,0,0,0,0,0,0,0,0,0,0,0,0,0,0,,0,0,0,0,0,0,0,0,mntn
2025-02-16,,,,,,,,,,,0,0,0,0,0,0,0,0,0,0,0,0,0,0,0,0,0,0,0,0,0,0,0,0,0,0,0,0,0,0,0,0,0,0,0,0,0,,0,0,0,0,0,0,0,0,mntn
2025-08-19,,,,,,,,,,,0,0,0,0,0,0,0,0,0,0,0,0,0,0,0,0,0,0,0,0,0,0,0,0,0,0,0,0,0,0,0,0,0,0,0,0,0,,0,0,0,0,0,0,0,0,mntn
2025-03-18,,,,,,,,,,,0,0,0,0,0,0,0,0,0,0,0,0,0,0,0,0,0,0,0,0,0,0,0,0,0,0,0,0,0,0,0,0,0,0,0,0,0,,0,0,0,0,0,0,0,0,mntn
2025-07-24,,,,,,,,,,,0,0,0,0,0,0,0,0,0,0,0,0,0,0,0,0,0,0,0,0,0,0,0,0,0,0,0,0,0,0,0,0,0,0,0,0,0,,0,0,0,0,0,0,0,0,mntn
2025-05-28,,,,,,,,,,,0,0,0,0,0,0,0,0,0,0,0,0,0,0,0,0,0,0,0,0,0,0,0,0,0,0,0,0,0,0,0,0,0,0,0,0,0,,0,0,0,0,0,0,0,0,mntn
2025-10-23,,,,,,,,,,,0,1.9108,0.9932,1665,0,4,8.0594,12.0892,0.0024,1676,0,-1,6,6,0,0,0,0,0,0,0,0,0,0,0,0,0,0,0,0,0,0,0,0,0,0,0,,0,0,0,0,0,0,0,0,mntn
2025-10-23,,,,,,,,,,,0,0,0,0,0,0,0,0,0,0,0,0,0,0,0,0,0,0,0,0,0,0,0,0,0,0,0,0,0,0,0,0,0,0,0,0,0,"Salt Lake City, UT",0,0.993,1627,4,1638,0,0,0,mntn
2025-10-23,,,,,,,,,,,0,0,0,0,0,0,0,0,0,0,0,0,0,0,0,0,0,0,0,0,0,0,0,0,0,0,0,0,0,0,0,0,0,0,0,0,0,"Denver, CO",0,1,4,0,4,0,0,0,mntn
2025-10-23,,,,,,25-26 SC Video Campaign,25-26 SC Video Campaign,,,,0,0,0,0,0,0,0,0,0,0,0,0,0,0,0.9932,1665,6,0,-1,48.3567,0.0029,1399,0.6667,6,0,0,0,0,0,0,0,0,0,0,0,0,0,,0,0,0,0,0,1676,48.3567,48.3567,mntn
2025-10-23,,,,,,,,,,,0,0,0,0,0,0,0,0,0,0,0,0,0,0,0,0,0,0,0,0,0,0,0,0,0,0,0,0,0,0,0,0,0,0,0,0,0,"Grand Junction-Montrose, CO",0,1,4,0,4,0,0,0,mntn
2025-10-23,,,,,,,,,,,0,0,0,0,0,0,0,0,0,0,0,0,0,0,0,0,0,0,0,0,0,0,0,0,0,0,0,0,0,0,0,0,0,0,0,0,0,"Las Vegas, NV",0,1,30,0,30,0,0,0,mntn
2025-10-23,,,,,,,,1920x1080,,,0,0,0,0,0,0,0,0,0,0,0,0,0,0,0,0,0,0,0,0,0,0,0,0,0.9932,1665,4,12.0892,0.0024,6,0,-1,48.3567,0.0029,1399,0.6667,6,,0,0,0,0,0,0,0,0,mntn
2025-10-22,,,,,,,,,,,0,0,0,0,0,0,0,0,0,0,0,0,0,0,0,0,0,0,0,0,0,0,0,0,0,0,0,0,0,0,0,0,0,0,0,0,0,"Las Vegas, NV",0,1,12,0,12,0,0,0,mntn
2025-10-22,,,,,,25-26 SC Video Campaign,25-26 SC Video Campaign,,,,0,0,0,0,0,0,0,0,0,0,0,0,0,0,0.9906,701,0,0,-1,19.1313,0,574,0,0,0,0,0,0,0,0,0,0,0,0,0,0,0,,0,0,0,0,0,708,19.1313,19.1313,mntn
2025-10-22,,,,,,,,,,,0,0,0,0,0,0,0,0,0,0,0,0,0,0,0,0,0,0,0,0,0,0,0,0,0,0,0,0,0,0,0,0,0,0,0,0,0,"Salt Lake City, UT",0,0.9904,687,0,694,0,0,0,mntn
2025-10-22,,,,,,,,1920x1080,,,0,0,0,0,0,0,0,0,0,0,0,0,0,0,0,0,0,0,0,0,0,0,0,0,0.9906,701,0,0,0,0,0,-1,19.1313,0,574,0,0,,0,0,0,0,0,0,0,0,mntn
2025-10-22,,,,,,,,,,,0,0,0,0,0,0,0,0,0,0,0,0,0,0,0,0,0,0,0,0,0,0,0,0,0,0,0,0,0,0,0,0,0,0,0,0,0,"Denver, CO",0,1,2,0,2,0,0,0,mntn
2025-10-22,,,,,,,,,,,0,2.1673,0.9906,701,0,0,0,0,0,708,0,-1,0,0,0,0,0,0,0,0,0,0,0,0,0,0,0,0,0,0,0,0,0,0,0,0,0,,0,0,0,0,0,0,0,0,mntn
2025-08-21,,,,,,,,,,,0,0,0,0,0,0,0,0,0,0,0,0,0,0,0,0,0,0,0,0,0,0,0,0,0,0,0,0,0,0,0,0,0,0,0,0,0,,0,0,0,0,0,0,0,0,mntn
2025-06-13,,,,,,,,,,,0,0,0,0,0,0,0,0,0,0,0,0,0,0,0,0,0,0,0,0,0,0,0,0,0,0,0,0,0,0,0,0,0,0,0,0,0,,0,0,0,0,0,0,0,0,mntn
2025-05-08,,,,,,,,,,,0,0,0,0,0,0,0,0,0,0,0,0,0,0,0,0,0,0,0,0,0,0,0,0,0,0,0,0,0,0,0,0,0,0,0,0,0,,0,0,0,0,0,0,0,0,mntn
2025-10-27,,,,,,25-26 SC Video Campaign,25-26 SC Video Campaign,,,,0,0,0,0,0,0,0,0,0,0,0,0,0,0,0.9926,1795,15,0,-1,53.2062,0.0086,1503,0.7222,18,0,0,0,0,0,0,0,0,0,0,0,0,0,,0,0,0,0,0,1808,53.2062,53.2062,mntn
2025-10-27,,,,,,,,,,,0,2.111,0.9926,1795,0,13,2.9559,4.0928,0.0072,1808,0,-1,17,18,0,0,0,0,0,0,0,0,0,0,0,0,0,0,0,0,0,0,0,0,0,0,0,,0,0,0,0,0,0,0,0,mntn
2025-10-27,,,,,,,,,,,0,0,0,0,0,0,0,0,0,0,0,0,0,0,0,0,0,0,0,0,0,0,0,0,0,0,0,0,0,0,0,0,0,0,0,0,0,"Las Vegas, NV",0,1,31,0,31,0,0,0,mntn
2025-10-27,,,,,,,,,,,0,0,0,0,0,0,0,0,0,0,0,0,0,0,0,0,0,0,0,0,0,0,0,0,0,0,0,0,0,0,0,0,0,0,0,0,0,"Grand Junction-Montrose, CO",0,1,2,0,2,0,0,0,mntn
2025-10-27,,,,,,,,,,,0,0,0,0,0,0,0,0,0,0,0,0,0,0,0,0,0,0,0,0,0,0,0,0,0,0,0,0,0,0,0,0,0,0,0,0,0,"Salt Lake City, UT",0,0.9924,1762,13,1775,0,0,0,mntn
2025-10-27,,,,,,,,1920x1080,,,0,0,0,0,0,0,0,0,0,0,0,0,0,0,0,0,0,0,0,0,0,0,0,0,0.9926,1795,13,4.0928,0.0072,15,0,-1,53.2062,0.0086,1503,0.7222,18,,0,0,0,0,0,0,0,0,mntn
2025-08-04,,,,,,,,,,,0,0,0,0,0,0,0,0,0,0,0,0,0,0,0,0,0,0,0,0,0,0,0,0,0,0,0,0,0,0,0,0,0,0,0,0,0,,0,0,0,0,0,0,0,0,mntn
2025-09-01,,,,,,,,,,,0,0,0,0,0,0,0,0,0,0,0,0,0,0,0,0,0,0,0,0,0,0,0,0,0,0,0,0,0,0,0,0,0,0,0,0,0,,0,0,0,0,0,0,0,0,mntn
2025-01-19,,,,,,,,,,,0,0,0,0,0,0,0,0,0,0,0,0,0,0,0,0,0,0,0,0,0,0,0,0,0,0,0,0,0,0,0,0,0,0,0,0,0,,0,0,0,0,0,0,0,0,mntn
2025-05-21,,,,,,,,,,,0,0,0,0,0,0,0,0,0,0,0,0,0,0,0,0,0,0,0,0,0,0,0,0,0,0,0,0,0,0,0,0,0,0,0,0,0,,0,0,0,0,0,0,0,0,mntn
2025-11-11,,,,,,25 PR CTV Fall-001,25 PR CTV Fall-001,,,,0,0,0,0,0,0,0,0,0,0,0,0,0,0,0.9873,827,4,0,-1,26.4013,0.0015,653,0.25,4,0,0,0,0,0,0,0,0,0,0,0,0,0,,0,0,0,0,0,838,26.4013,26.4013,mntn
2025-11-11,,,,,,25 BC CTV Fall -001,25 BC CTV Fall -001,,,,0,0,0,0,0,0,0,0,0,0,0,0,0,0,0.9771,366,1,0,-1,11.4674,0.008,125,1,1,0,0,0,0,0,0,0,0,0,0,0,0,0,,0,0,0,0,0,375,11.4674,11.4674,mntn
2025-11-11,,,,,,,,,,,0,0,0,0,0,0,0,0,0,0,0,0,0,0,0,0,0,0,0,0,0,0,0,0,0,0,0,0,0,0,0,0,0,0,0,0,0,"Las Vegas, NV",0,1,34,0,34,0,0,0,mntn
2025-11-11,,,,,,,,,,,0,3.2529,0.986,5887,0,101,2.5494,1.8678,0.0169,5970,0,-1,74,74,0,0,0,0,0,0,0,0,0,0,0,0,0,0,0,0,0,0,0,0,0,0,0,,0,0,0,0,0,0,0,0,mntn
2025-11-11,,,,,,25 OR CTV Fall -001,25 OR CTV Fall -001,,,,0,0,0,0,0,0,0,0,0,0,0,0,0,0,0.9769,398,8,0,-1,12.8851,0.087,276,3,8,0,0,0,0,0,0,0,0,0,0,0,0,0,,0,0,0,0,0,407,12.8851,12.8851,mntn
2025-11-11,,,,,,,,1920x1080,,,0,0,0,0,0,0,0,0,0,0,0,0,0,0,0,0,0,0,0,0,0,0,0,0,0.986,5887,101,1.8678,0.0169,72,0,-1,188.6523,0.0243,4149,1.3649,74,,0,0,0,0,0,0,0,0,mntn
2025-11-11,,,,,,,,,,,0,0,0,0,0,0,0,0,0,0,0,0,0,0,0,0,0,0,0,0,0,0,0,0,0,0,0,0,0,0,0,0,0,0,0,0,0,"Denver, CO",0,1,2,0,2,0,0,0,mntn
2025-11-11,,,,,,,,,,,0,0,0,0,0,0,0,0,0,0,0,0,0,0,0,0,0,0,0,0,0,0,0,0,0,0,0,0,0,0,0,0,0,0,0,0,0,"Grand Junction-Montrose, CO",0,1,1,0,1,0,0,0,mntn
2025-11-11,,,,,,,,,,,0,0,0,0,0,0,0,0,0,0,0,0,0,0,0,0,0,0,0,0,0,0,0,0,0,0,0,0,0,0,0,0,0,0,0,0,0,unknown,0,0,0,0,0,0,0,0,mntn
2025-11-11,,,,,,25 TO CTV Fall - 001,25 TO CTV Fall - 001,,,,0,0,0,0,0,0,0,0,0,0,0,0,0,0,0.9914,487,2,0,-1,15.3186,0.0208,192,2,2,0,0,0,0,0,0,0,0,0,0,0,0,0,,0,0,0,0,0,491,15.3186,15.3186,mntn
2025-11-11,,,,,,,,,,,0,0,0,0,0,0,0,0,0,0,0,0,0,0,0,0,0,0,0,0,0,0,0,0,0,0,0,0,0,0,0,0,0,0,0,0,0,"Salt Lake City, UT",0,0.9857,5682,101,5764,0,0,0,mntn
2025-11-11,,,,,,25 MO CTV Fall-001,25 MO CTV Fall-001,,,,0,0,0,0,0,0,0,0,0,0,0,0,0,0,0.9875,328,1,0,-1,9.716,0.0048,208,1,1,0,0,0,0,0,0,0,0,0,0,0,0,0,,0,0,0,0,0,332,9.716,9.716,mntn
2025-11-11,,,,,,25-26 SC Video Campaign,25-26 SC Video Campaign,,,,0,0,0,0,0,0,0,0,0,0,0,0,0,0,0.991,1571,33,0,-1,51.4966,0.0321,1371,1.3333,33,0,0,0,0,0,0,0,0,0,0,0,0,0,,0,0,0,0,0,1585,51.4966,51.4966,mntn
2025-11-11,,,,,,25 BL CTV Fall-001,25 BL CTV Fall-001,,,,0,0,0,0,0,0,0,0,0,0,0,0,0,0,0.9872,635,5,0,-1,20.8071,0.0078,510,0.8,5,0,0,0,0,0,0,0,0,0,0,0,0,0,,0,0,0,0,0,643,20.8071,20.8071,mntn
2025-11-11,,,,,,25 SL CTV Fall-001,25 SL CTV Fall-001,,,,0,0,0,0,0,0,0,0,0,0,0,0,0,0,0.9786,778,16,0,-1,24.987,0.0348,633,1.2222,18,0,0,0,0,0,0,0,0,0,0,0,0,0,,0,0,0,0,0,795,24.987,24.987,mntn
2025-11-11,,,,,,25 UB Fall Campaign,25 UB Fall Campaign,,,,0,0,0,0,0,0,0,0,0,0,0,0,0,0,0.9857,497,2,0,-1,15.5731,0,265,0,2,0,0,0,0,0,0,0,0,0,0,0,0,0,,0,0,0,0,0,504,15.5731,15.5731,mntn
2025-11-11,,,,,,,,,,,0,0,0,0,0,0,0,0,0,0,0,0,0,0,0,0,0,0,0,0,0,0,0,0,0,0,0,0,0,0,0,0,0,0,0,0,0,"Phoenix, AZ",0,1,24,0,24,0,0,0,mntn
2025-11-11,,,,,,,,,,,0,0,0,0,0,0,0,0,0,0,0,0,0,0,0,0,0,0,0,0,0,0,0,0,0,0,0,0,0,0,0,0,0,0,0,0,0,"Albuquerque-Santa Fe, NM",0,0.9929,144,0,145,0,0,0,mntn
2025-04-18,,,,,,,,,,,0,0,0,0,0,0,0,0,0,0,0,0,0,0,0,0,0,0,0,0,0,0,0,0,0,0,0,0,0,0,0,0,0,0,0,0,0,,0,0,0,0,0,0,0,0,mntn
2025-09-04,,,,,,,,,,,0,0,0,0,0,0,0,0,0,0,0,0,0,0,0,0,0,0,0,0,0,0,0,0,0,0,0,0,0,0,0,0,0,0,0,0,0,,0,0,0,0,0,0,0,0,mntn
2024-11-15,,,,,,,,,,,0,0,0,0,0,0,0,0,0,0,0,0,0,0,0,0,0,0,0,0,0,0,0,0,0,0,0,0,0,0,0,0,0,0,0,0,0,,0,0,0,0,0,0,0,0,mntn
2025-04-15,,,,,,,,,,,0,0,0,0,0,0,0,0,0,0,0,0,0,0,0,0,0,0,0,0,0,0,0,0,0,0,0,0,0,0,0,0,0,0,0,0,0,,0,0,0,0,0,0,0,0,mntn
2024-12-02,,,,,,,,,,,0,0,0,0,0,0,0,0,0,0,0,0,0,0,0,0,0,0,0,0,0,0,0,0,0,0,0,0,0,0,0,0,0,0,0,0,0,,0,0,0,0,0,0,0,0,mntn
2025-04-02,,,,,,,,,,,0,0,0,0,0,0,0,0,0,0,0,0,0,0,0,0,0,0,0,0,0,0,0,0,0,0,0,0,0,0,0,0,0,0,0,0,0,,0,0,0,0,0,0,0,0,mntn
2025-05-06,,,,,,,,,,,0,0,0,0,0,0,0,0,0,0,0,0,0,0,0,0,0,0,0,0,0,0,0,0,0,0,0,0,0,0,0,0,0,0,0,0,0,,0,0,0,0,0,0,0,0,mntn
2025-02-01,,,,,,,,,,,0,0,0,0,0,0,0,0,0,0,0,0,0,0,0,0,0,0,0,0,0,0,0,0,0,0,0,0,0,0,0,0,0,0,0,0,0,,0,0,0,0,0,0,0,0,mntn
2025-04-03,,,,,,,,,,,0,0,0,0,0,0,0,0,0,0,0,0,0,0,0,0,0,0,0,0,0,0,0,0,0,0,0,0,0,0,0,0,0,0,0,0,0,,0,0,0,0,0,0,0,0,mntn
2025-07-03,,,,,,,,,,,0,0,0,0,0,0,0,0,0,0,0,0,0,0,0,0,0,0,0,0,0,0,0,0,0,0,0,0,0,0,0,0,0,0,0,0,0,,0,0,0,0,0,0,0,0,mntn
2024-12-26,,,,,,,,,,,0,0,0,0,0,0,0,0,0,0,0,0,0,0,0,0,0,0,0,0,0,0,0,0,0,0,0,0,0,0,0,0,0,0,0,0,0,,0,0,0,0,0,0,0,0,mntn
2025-06-16,,,,,,,,,,,0,0,0,0,0,0,0,0,0,0,0,0,0,0,0,0,0,0,0,0,0,0,0,0,0,0,0,0,0,0,0,0,0,0,0,0,0,,0,0,0,0,0,0,0,0,mntn
2025-06-15,,,,,,,,,,,0,0,0,0,0,0,0,0,0,0,0,0,0,0,0,0,0,0,0,0,0,0,0,0,0,0,0,0,0,0,0,0,0,0,0,0,0,,0,0,0,0,0,0,0,0,mntn
2025-01-07,,,,,,,,,,,0,0,0,0,0,0,0,0,0,0,0,0,0,0,0,0,0,0,0,0,0,0,0,0,0,0,0,0,0,0,0,0,0,0,0,0,0,,0,0,0,0,0,0,0,0,mntn
2025-04-08,,,,,,,,,,,0,0,0,0,0,0,0,0,0,0,0,0,0,0,0,0,0,0,0,0,0,0,0,0,0,0,0,0,0,0,0,0,0,0,0,0,0,,0,0,0,0,0,0,0,0,mntn
2025-02-23,,,,,,,,,,,0,0,0,0,0,0,0,0,0,0,0,0,0,0,0,0,0,0,0,0,0,0,0,0,0,0,0,0,0,0,0,0,0,0,0,0,0,,0,0,0,0,0,0,0,0,mntn
2024-11-26,,,,,,,,,,,0,0,0,0,0,0,0,0,0,0,0,0,0,0,0,0,0,0,0,0,0,0,0,0,0,0,0,0,0,0,0,0,0,0,0,0,0,,0,0,0,0,0,0,0,0,mntn
2025-01-22,,,,,,,,,,,0,0,0,0,0,0,0,0,0,0,0,0,0,0,0,0,0,0,0,0,0,0,0,0,0,0,0,0,0,0,0,0,0,0,0,0,0,,0,0,0,0,0,0,0,0,mntn
2024-11-24,,,,,,,,,,,0,0,0,0,0,0,0,0,0,0,0,0,0,0,0,0,0,0,0,0,0,0,0,0,0,0,0,0,0,0,0,0,0,0,0,0,0,,0,0,0,0,0,0,0,0,mntn
2025-07-30,,,,,,,,,,,0,0,0,0,0,0,0,0,0,0,0,0,0,0,0,0,0,0,0,0,0,0,0,0,0,0,0,0,0,0,0,0,0,0,0,0,0,,0,0,0,0,0,0,0,0,mntn
2025-03-01,,,,,,,,,,,0,0,0,0,0,0,0,0,0,0,0,0,0,0,0,0,0,0,0,0,0,0,0,0,0,0,0,0,0,0,0,0,0,0,0,0,0,,0,0,0,0,0,0,0,0,mntn
2024-11-28,,,,,,,,,,,0,0,0,0,0,0,0,0,0,0,0,0,0,0,0,0,0,0,0,0,0,0,0,0,0,0,0,0,0,0,0,0,0,0,0,0,0,,0,0,0,0,0,0,0,0,mntn
2025-02-21,,,,,,,,,,,0,0,0,0,0,0,0,0,0,0,0,0,0,0,0,0,0,0,0,0,0,0,0,0,0,0,0,0,0,0,0,0,0,0,0,0,0,,0,0,0,0,0,0,0,0,mntn
2025-01-21,,,,,,,,,,,0,0,0,0,0,0,0,0,0,0,0,0,0,0,0,0,0,0,0,0,0,0,0,0,0,0,0,0,0,0,0,0,0,0,0,0,0,,0,0,0,0,0,0,0,0,mntn
2024-12-20,,,,,,,,,,,0,0,0,0,0,0,0,0,0,0,0,0,0,0,0,0,0,0,0,0,0,0,0,0,0,0,0,0,0,0,0,0,0,0,0,0,0,,0,0,0,0,0,0,0,0,mntn
2025-05-03,,,,,,,,,,,0,0,0,0,0,0,0,0,0,0,0,0,0,0,0,0,0,0,0,0,0,0,0,0,0,0,0,0,0,0,0,0,0,0,0,0,0,,0,0,0,0,0,0,0,0,mntn
2025-06-07,,,,,,,,,,,0,0,0,0,0,0,0,0,0,0,0,0,0,0,0,0,0,0,0,0,0,0,0,0,0,0,0,0,0,0,0,0,0,0,0,0,0,,0,0,0,0,0,0,0,0,mntn
2025-08-18,,,,,,,,,,,0,0,0,0,0,0,0,0,0,0,0,0,0,0,0,0,0,0,0,0,0,0,0,0,0,0,0,0,0,0,0,0,0,0,0,0,0,,0,0,0,0,0,0,0,0,mntn
2025-03-24,,,,,,,,,,,0,0,0,0,0,0,0,0,0,0,0,0,0,0,0,0,0,0,0,0,0,0,0,0,0,0,0,0,0,0,0,0,0,0,0,0,0,,0,0,0,0,0,0,0,0,mntn
2025-01-10,,,,,,,,,,,0,0,0,0,0,0,0,0,0,0,0,0,0,0,0,0,0,0,0,0,0,0,0,0,0,0,0,0,0,0,0,0,0,0,0,0,0,,0,0,0,0,0,0,0,0,mntn
2025-03-23,,,,,,,,,,,0,0,0,0,0,0,0,0,0,0,0,0,0,0,0,0,0,0,0,0,0,0,0,0,0,0,0,0,0,0,0,0,0,0,0,0,0,,0,0,0,0,0,0,0,0,mntn
2024-12-16,,,,,,,,,,,0,0,0,0,0,0,0,0,0,0,0,0,0,0,0,0,0,0,0,0,0,0,0,0,0,0,0,0,0,0,0,0,0,0,0,0,0,,0,0,0,0,0,0,0,0,mntn
2025-11-06,,,,,,,,,,,0,0,0,0,0,0,0,0,0,0,0,0,0,0,0,0,0,0,0,0,0,0,0,0,0,0,0,0,0,0,0,0,0,0,0,0,0,"Albuquerque-Santa Fe, NM",0,1,169,0,169,0,0,0,mntn
2025-11-06,,,,,,,,,,,0,0,0,0,0,0,0,0,0,0,0,0,0,0,0,0,0,0,0,0,0,0,0,0,0,0,0,0,0,0,0,0,0,0,0,0,0,"Phoenix, AZ",0,1,31,0,31,0,0,0,mntn
2025-11-06,,,,,,,,,,,0,0,0,0,0,0,0,0,0,0,0,0,0,0,0,0,0,0,0,0,0,0,0,0,0,0,0,0,0,0,0,0,0,0,0,0,0,"Salt Lake City, UT",0,0.9856,5721,66,5804,0,0,0,mntn
2025-11-06,,,,,,25-26 SC Video Campaign,25-26 SC Video Campaign,,,,0,0,0,0,0,0,0,0,0,0,0,0,0,0,0.9903,1571,0,0,-1,50.8708,0.0176,1360,0.6667,36,0,0,0,0,0,0,0,0,0,0,0,0,0,,0,0,0,0,0,1586,50.8708,50.8708,mntn
2025-11-06,,,,,,25 TO CTV Fall - 001,25 TO CTV Fall - 001,,,,0,0,0,0,0,0,0,0,0,0,0,0,0,0,0.9806,474,0,0,-1,15.2081,0.0059,169,0.25,4,0,0,0,0,0,0,0,0,0,0,0,0,0,,0,0,0,0,0,483,15.2081,15.2081,mntn
2025-11-06,,,,,,25 OR CTV Fall -001,25 OR CTV Fall -001,,,,0,0,0,0,0,0,0,0,0,0,0,0,0,0,0.9848,470,0,0,-1,15.3123,0.1224,245,3.3333,9,0,0,0,0,0,0,0,0,0,0,0,0,0,,0,0,0,0,0,477,15.3123,15.3123,mntn
2025-11-06,,,,,,,,,,,0,1.5942,0.9862,5948,0,69,2.3357,2.7757,0.0114,6031,0,-1,81,82,0,0,0,0,0,0,0,0,0,0,0,0,0,0,0,0,0,0,0,0,0,0,0,,0,0,0,0,0,0,0,0,mntn
2025-11-06,,,,,,25 BL CTV Fall-001,25 BL CTV Fall-001,,,,0,0,0,0,0,0,0,0,0,0,0,0,0,0,0.9938,665,0,0,-1,21.4454,0.0019,516,0.25,4,0,0,0,0,0,0,0,0,0,0,0,0,0,,0,0,0,0,0,669,21.4454,21.4454,mntn
2025-11-06,,,,,,,,,,,0,0,0,0,0,0,0,0,0,0,0,0,0,0,0,0,0,0,0,0,0,0,0,0,0,0,0,0,0,0,0,0,0,0,0,0,0,"Denver, CO",0,1,1,0,1,0,0,0,mntn
2025-11-06,,,,,,25 BC CTV Fall -001,25 BC CTV Fall -001,,,,0,0,0,0,0,0,0,0,0,0,0,0,0,0,0.984,386,0,0,-1,11.7643,0.0078,129,0.5,2,0,0,0,0,0,0,0,0,0,0,0,0,0,,0,0,0,0,0,392,11.7643,11.7643,mntn
2025-11-06,,,,,,25 UB Fall Campaign,25 UB Fall Campaign,,,,0,0,0,0,0,0,0,0,0,0,0,0,0,0,0.9858,502,0,0,-1,15.9314,0,242,0,2,0,0,0,0,0,0,0,0,0,0,0,0,0,,0,0,0,0,0,509,15.9314,15.9314,mntn
2025-11-06,,,,,,,,,,,0,0,0,0,0,0,0,0,0,0,0,0,0,0,0,0,0,0,0,0,0,0,0,0,0,0,0,0,0,0,0,0,0,0,0,0,0,"Grand Junction-Montrose, CO",0,1,1,0,1,0,0,0,mntn
2025-11-06,,,,,,,,1920x1080,,,0,0,0,0,0,0,0,0,0,0,0,0,0,0,0,0,0,0,0,0,0,0,0,0,0.9862,5948,69,2.7757,0.0114,0,0,-1,191.5267,0.0171,4040,0.8415,82,,0,0,0,0,0,0,0,0,mntn
2025-11-06,,,,,,25 PR CTV Fall-001,25 PR CTV Fall-001,,,,0,0,0,0,0,0,0,0,0,0,0,0,0,0,0.9869,793,0,0,-1,26.4006,0.0048,629,1,3,0,0,0,0,0,0,0,0,0,0,0,0,0,,0,0,0,0,0,804,26.4006,26.4006,mntn
2025-11-06,,,,,,25 SL CTV Fall-001,25 SL CTV Fall-001,,,,0,0,0,0,0,0,0,0,0,0,0,0,0,0,0.9743,767,0,0,-1,24.9938,0.0141,638,0.4091,22,0,0,0,0,0,0,0,0,0,0,0,0,0,,0,0,0,0,0,787,24.9938,24.9938,mntn
2025-11-06,,,,,,,,,,,0,0,0,0,0,0,0,0,0,0,0,0,0,0,0,0,0,0,0,0,0,0,0,0,0,0,0,0,0,0,0,0,0,0,0,0,0,unknown,0,0,0,3,0,0,0,0,mntn
2025-11-06,,,,,,25 MO CTV Fall-001,25 MO CTV Fall-001,,,,0,0,0,0,0,0,0,0,0,0,0,0,0,0,0.9902,321,0,0,-1,9.6,0,201,0,0,0,0,0,0,0,0,0,0,0,0,0,0,0,,0,0,0,0,0,324,9.6,9.6,mntn
2025-11-06,,,,,,,,,,,0,0,0,0,0,0,0,0,0,0,0,0,0,0,0,0,0,0,0,0,0,0,0,0,0,0,0,0,0,0,0,0,0,0,0,0,0,"Las Vegas, NV",0,1,25,0,25,0,0,0,mntn
2025-09-06,,,,,,,,,,,0,0,0,0,0,0,0,0,0,0,0,0,0,0,0,0,0,0,0,0,0,0,0,0,0,0,0,0,0,0,0,0,0,0,0,0,0,,0,0,0,0,0,0,0,0,mntn
2025-10-28,,,,,,,,,,,0,0,0,0,0,0,0,0,0,0,0,0,0,0,0,0,0,0,0,0,0,0,0,0,0,0,0,0,0,0,0,0,0,0,0,0,0,"Denver, CO",0,1,6,0,6,0,0,0,mntn
2025-10-28,,,,,,25 OR CTV Fall -001,25 OR CTV Fall -001,,,,0,0,0,0,0,0,0,0,0,0,0,0,0,0,0.9926,286,5,0,-1,7.7591,0.0152,197,0.6,5,0,0,0,0,0,0,0,0,0,0,0,0,0,,0,0,0,0,0,288,7.7591,7.7591,mntn
2025-10-28,,,,,,25 TO CTV Fall - 001,25 TO CTV Fall - 001,,,,0,0,0,0,0,0,0,0,0,0,0,0,0,0,0.988,270,0,0,-1,7.5153,0,156,0,0,0,0,0,0,0,0,0,0,0,0,0,0,0,,0,0,0,0,0,273,7.5153,7.5153,mntn
2025-10-28,,,,,,,,1920x1080,,,0,0,0,0,0,0,0,0,0,0,0,0,0,0,0,0,0,0,0,0,0,0,0,0,0.9887,2860,21,3.925,0.0073,25,0,-1,82.4249,0.0097,2161,0.7778,27,,0,0,0,0,0,0,0,0,mntn
2025-10-28,,,,,,25-26 SC Video Campaign,25-26 SC Video Campaign,,,,0,0,0,0,0,0,0,0,0,0,0,0,0,0,0.9898,1713,19,0,-1,50.3122,0.0119,1432,0.8095,21,0,0,0,0,0,0,0,0,0,0,0,0,0,,0,0,0,0,0,1731,50.3122,50.3122,mntn
2025-10-28,,,,,,,,,,,0,0,0,0,0,0,0,0,0,0,0,0,0,0,0,0,0,0,0,0,0,0,0,0,0,0,0,0,0,0,0,0,0,0,0,0,0,"Phoenix, AZ",0,1,2,0,2,0,0,0,mntn
2025-10-28,,,,,,,,,,,0,0,0,0,0,0,0,0,0,0,0,0,0,0,0,0,0,0,0,0,0,0,0,0,0,0,0,0,0,0,0,0,0,0,0,0,0,"Las Vegas, NV",0,1,31,0,31,0,0,0,mntn
2025-10-28,,,,,,,,,,,0,1.9079,0.9887,2860,0,21,3.0528,3.925,0.0073,2893,0,-1,27,27,0,0,0,0,0,0,0,0,0,0,0,0,0,0,0,0,0,0,0,0,0,0,0,,0,0,0,0,0,0,0,0,mntn
2025-10-28,,,,,,25 BC CTV Fall -001,25 BC CTV Fall -001,,,,0,0,0,0,0,0,0,0,0,0,0,0,0,0,0.9596,106,0,0,-1,2.9719,0,57,0,0,0,0,0,0,0,0,0,0,0,0,0,0,0,,0,0,0,0,0,110,2.9719,2.9719,mntn
2025-10-28,,,,,,,,,,,0,0,0,0,0,0,0,0,0,0,0,0,0,0,0,0,0,0,0,0,0,0,0,0,0,0,0,0,0,0,0,0,0,0,0,0,0,"Grand Junction-Montrose, CO",0,1,2,0,2,0,0,0,mntn
2025-10-28,,,,,,25 SL CTV Fall-001,25 SL CTV Fall-001,,,,0,0,0,0,0,0,0,0,0,0,0,0,0,0,0.9887,485,1,0,-1,13.8664,0.0028,357,1,1,0,0,0,0,0,0,0,0,0,0,0,0,0,,0,0,0,0,0,491,13.8664,13.8664,mntn
2025-10-28,,,,,,,,,,,0,0,0,0,0,0,0,0,0,0,0,0,0,0,0,0,0,0,0,0,0,0,0,0,0,0,0,0,0,0,0,0,0,0,0,0,0,"Salt Lake City, UT",0,0.9885,2819,21,2852,0,0,0,mntn
2025-10-28,,,,,,,,,,,0,0,0,0,0,0,0,0,0,0,0,0,0,0,0,0,0,0,0,0,0,0,0,0,0,0,0,0,0,0,0,0,0,0,0,0,0,unknown,0,0,0,0,0,0,0,0,mntn
2025-06-28,,,,,,,,,,,0,0,0,0,0,0,0,0,0,0,0,0,0,0,0,0,0,0,0,0,0,0,0,0,0,0,0,0,0,0,0,0,0,0,0,0,0,,0,0,0,0,0,0,0,0,mntn
2025-01-26,,,,,,,,,,,0,0,0,0,0,0,0,0,0,0,0,0,0,0,0,0,0,0,0,0,0,0,0,0,0,0,0,0,0,0,0,0,0,0,0,0,0,,0,0,0,0,0,0,0,0,mntn
2025-10-11,,,,,,,,,,,0,0,0,0,0,0,0,0,0,0,0,0,0,0,0,0,0,0,0,0,0,0,0,0,0,0,0,0,0,0,0,0,0,0,0,0,0,,0,0,0,0,0,0,0,0,mntn
2024-11-23,,,,,,,,,,,0,0,0,0,0,0,0,0,0,0,0,0,0,0,0,0,0,0,0,0,0,0,0,0,0,0,0,0,0,0,0,0,0,0,0,0,0,,0,0,0,0,0,0,0,0,mntn
2024-12-03,,,,,,,,,,,0,0,0,0,0,0,0,0,0,0,0,0,0,0,0,0,0,0,0,0,0,0,0,0,0,0,0,0,0,0,0,0,0,0,0,0,0,,0,0,0,0,0,0,0,0,mntn
2025-08-10,,,,,,,,,,,0,0,0,0,0,0,0,0,0,0,0,0,0,0,0,0,0,0,0,0,0,0,0,0,0,0,0,0,0,0,0,0,0,0,0,0,0,,0,0,0,0,0,0,0,0,mntn
2025-05-07,,,,,,,,,,,0,0,0,0,0,0,0,0,0,0,0,0,0,0,0,0,0,0,0,0,0,0,0,0,0,0,0,0,0,0,0,0,0,0,0,0,0,,0,0,0,0,0,0,0,0,mntn
2025-04-07,,,,,,,,,,,0,0,0,0,0,0,0,0,0,0,0,0,0,0,0,0,0,0,0,0,0,0,0,0,0,0,0,0,0,0,0,0,0,0,0,0,0,,0,0,0,0,0,0,0,0,mntn
2025-02-17,,,,,,,,,,,0,0,0,0,0,0,0,0,0,0,0,0,0,0,0,0,0,0,0,0,0,0,0,0,0,0,0,0,0,0,0,0,0,0,0,0,0,,0,0,0,0,0,0,0,0,mntn
2025-03-11,,,,,,,,,,,0,0,0,0,0,0,0,0,0,0,0,0,0,0,0,0,0,0,0,0,0,0,0,0,0,0,0,0,0,0,0,0,0,0,0,0,0,,0,0,0,0,0,0,0,0,mntn
2025-03-29,,,,,,,,,,,0,0,0,0,0,0,0,0,0,0,0,0,0,0,0,0,0,0,0,0,0,0,0,0,0,0,0,0,0,0,0,0,0,0,0,0,0,,0,0,0,0,0,0,0,0,mntn
2025-01-08,,,,,,,,,,,0,0,0,0,0,0,0,0,0,0,0,0,0,0,0,0,0,0,0,0,0,0,0,0,0,0,0,0,0,0,0,0,0,0,0,0,0,,0,0,0,0,0,0,0,0,mntn
2025-07-18,,,,,,,,,,,0,0,0,0,0,0,0,0,0,0,0,0,0,0,0,0,0,0,0,0,0,0,0,0,0,0,0,0,0,0,0,0,0,0,0,0,0,,0,0,0,0,0,0,0,0,mntn
2025-02-11,,,,,,,,,,,0,0,0,0,0,0,0,0,0,0,0,0,0,0,0,0,0,0,0,0,0,0,0,0,0,0,0,0,0,0,0,0,0,0,0,0,0,,0,0,0,0,0,0,0,0,mntn
2025-01-11,,,,,,,,,,,0,0,0,0,0,0,0,0,0,0,0,0,0,0,0,0,0,0,0,0,0,0,0,0,0,0,0,0,0,0,0,0,0,0,0,0,0,,0,0,0,0,0,0,0,0,mntn
2025-02-03,,,,,,,,,,,0,0,0,0,0,0,0,0,0,0,0,0,0,0,0,0,0,0,0,0,0,0,0,0,0,0,0,0,0,0,0,0,0,0,0,0,0,,0,0,0,0,0,0,0,0,mntn
2025-09-07,,,,,,,,,,,0,0,0,0,0,0,0,0,0,0,0,0,0,0,0,0,0,0,0,0,0,0,0,0,0,0,0,0,0,0,0,0,0,0,0,0,0,,0,0,0,0,0,0,0,0,mntn
2025-01-06,,,,,,,,,,,0,0,0,0,0,0,0,0,0,0,0,0,0,0,0,0,0,0,0,0,0,0,0,0,0,0,0,0,0,0,0,0,0,0,0,0,0,,0,0,0,0,0,0,0,0,mntn
2025-08-20,,,,,,,,,,,0,0,0,0,0,0,0,0,0,0,0,0,0,0,0,0,0,0,0,0,0,0,0,0,0,0,0,0,0,0,0,0,0,0,0,0,0,,0,0,0,0,0,0,0,0,mntn
2025-10-09,,,,,,,,,,,0,0,0,0,0,0,0,0,0,0,0,0,0,0,0,0,0,0,0,0,0,0,0,0,0,0,0,0,0,0,0,0,0,0,0,0,0,,0,0,0,0,0,0,0,0,mntn
2025-02-18,,,,,,,,,,,0,0,0,0,0,0,0,0,0,0,0,0,0,0,0,0,0,0,0,0,0,0,0,0,0,0,0,0,0,0,0,0,0,0,0,0,0,,0,0,0,0,0,0,0,0,mntn
2025-03-15,,,,,,,,,,,0,0,0,0,0,0,0,0,0,0,0,0,0,0,0,0,0,0,0,0,0,0,0,0,0,0,0,0,0,0,0,0,0,0,0,0,0,,0,0,0,0,0,0,0,0,mntn
2025-02-22,,,,,,,,,,,0,0,0,0,0,0,0,0,0,0,0,0,0,0,0,0,0,0,0,0,0,0,0,0,0,0,0,0,0,0,0,0,0,0,0,0,0,,0,0,0,0,0,0,0,0,mntn
2025-07-09,,,,,,,,,,,0,0,0,0,0,0,0,0,0,0,0,0,0,0,0,0,0,0,0,0,0,0,0,0,0,0,0,0,0,0,0,0,0,0,0,0,0,,0,0,0,0,0,0,0,0,mntn
2025-04-22,,,,,,,,,,,0,0,0,0,0,0,0,0,0,0,0,0,0,0,0,0,0,0,0,0,0,0,0,0,0,0,0,0,0,0,0,0,0,0,0,0,0,,0,0,0,0,0,0,0,0,mntn
2025-11-15,,,,,,,,1920x1080,,,0,0,0,0,0,0,0,0,0,0,0,0,0,0,0,0,0,0,0,0,0,0,0,0,0.9888,6621,20,10.2684,0.003,50,0,-1,205.368,0.0045,4458,0.3922,51,,0,0,0,0,0,0,0,0,mntn
2025-11-15,,,,,,,,,,,0,2.8761,0.9888,6621,0,20,4.0268,10.2684,0.003,6696,0,-1,51,51,0,0,0,0,0,0,0,0,0,0,0,0,0,0,0,0,0,0,0,0,0,0,0,,0,0,0,0,0,0,0,0,mntn
2025-11-15,,,,,,25 TO CTV Fall - 001,25 TO CTV Fall - 001,,,,0,0,0,0,0,0,0,0,0,0,0,0,0,0,0.9874,575,1,0,-1,17.4011,0,212,0,1,0,0,0,0,0,0,0,0,0,0,0,0,0,,0,0,0,0,0,582,17.4011,17.4011,mntn
2025-11-15,,,,,,25-26 SC Video Campaign,25-26 SC Video Campaign,,,,0,0,0,0,0,0,0,0,0,0,0,0,0,0,0.9882,1722,15,0,-1,52.6078,0.0032,1579,0.3333,15,0,0,0,0,0,0,0,0,0,0,0,0,0,,0,0,0,0,0,1742,52.6078,52.6078,mntn
2025-11-15,,,,,,25 BC CTV Fall -001,25 BC CTV Fall -001,,,,0,0,0,0,0,0,0,0,0,0,0,0,0,0,0.989,393,3,0,-1,12.5755,0.0078,128,0.3333,3,0,0,0,0,0,0,0,0,0,0,0,0,0,,0,0,0,0,0,397,12.5755,12.5755,mntn
2025-11-15,,,,,,25 PR CTV Fall-001,25 PR CTV Fall-001,,,,0,0,0,0,0,0,0,0,0,0,0,0,0,0,0.9892,854,3,0,-1,26.9412,0.0015,664,0.3333,3,0,0,0,0,0,0,0,0,0,0,0,0,0,,0,0,0,0,0,863,26.9412,26.9412,mntn
2025-11-15,,,,,,25 BL CTV Fall-001,25 BL CTV Fall-001,,,,0,0,0,0,0,0,0,0,0,0,0,0,0,0,0.9957,719,5,0,-1,22.1264,0.0074,542,0.8,5,0,0,0,0,0,0,0,0,0,0,0,0,0,,0,0,0,0,0,722,22.1264,22.1264,mntn
2025-11-15,,,,,,25 SL CTV Fall-001,25 SL CTV Fall-001,,,,0,0,0,0,0,0,0,0,0,0,0,0,0,0,0.9858,862,19,0,-1,26.9359,0.0085,708,0.3158,19,0,0,0,0,0,0,0,0,0,0,0,0,0,,0,0,0,0,0,874,26.9359,26.9359,mntn
2025-11-15,,,,,,25 MO CTV Fall-001,25 MO CTV Fall-001,,,,0,0,0,0,0,0,0,0,0,0,0,0,0,0,0.9855,360,0,0,-1,11.356,0,223,0,0,0,0,0,0,0,0,0,0,0,0,0,0,0,,0,0,0,0,0,365,11.356,11.356,mntn
2025-11-15,,,,,,25 OR CTV Fall -001,25 OR CTV Fall -001,,,,0,0,0,0,0,0,0,0,0,0,0,0,0,0,0.9906,544,2,0,-1,17.1224,0.007,284,0.6667,3,0,0,0,0,0,0,0,0,0,0,0,0,0,,0,0,0,0,0,549,17.1224,17.1224,mntn
2025-11-15,,,,,,25 UB Fall Campaign,25 UB Fall Campaign,,,,0,0,0,0,0,0,0,0,0,0,0,0,0,0,0.9878,595,2,0,-1,18.3018,0.0035,286,0.5,2,0,0,0,0,0,0,0,0,0,0,0,0,0,,0,0,0,0,0,602,18.3018,18.3018,mntn
2025-11-15,,,,,,,,,,,0,0,0,0,0,0,0,0,0,0,0,0,0,0,0,0,0,0,0,0,0,0,0,0,0,0,0,0,0,0,0,0,0,0,0,0,0,"Albuquerque-Santa Fe, NM",0,0.9861,75,0,76,0,0,0,mntn
2025-11-15,,,,,,,,,,,0,0,0,0,0,0,0,0,0,0,0,0,0,0,0,0,0,0,0,0,0,0,0,0,0,0,0,0,0,0,0,0,0,0,0,0,0,"Denver, CO",0,1,6,0,6,0,0,0,mntn
2025-11-15,,,,,,,,,,,0,0,0,0,0,0,0,0,0,0,0,0,0,0,0,0,0,0,0,0,0,0,0,0,0,0,0,0,0,0,0,0,0,0,0,0,0,"Grand Junction-Montrose, CO",0,1,4,0,4,0,0,0,mntn
2025-11-15,,,,,,,,,,,0,0,0,0,0,0,0,0,0,0,0,0,0,0,0,0,0,0,0,0,0,0,0,0,0,0,0,0,0,0,0,0,0,0,0,0,0,"Las Vegas, NV",0,1,49,0,49,0,0,0,mntn
2025-11-15,,,,,,,,,,,0,0,0,0,0,0,0,0,0,0,0,0,0,0,0,0,0,0,0,0,0,0,0,0,0,0,0,0,0,0,0,0,0,0,0,0,0,"Phoenix, AZ",0,1,17,2,17,0,0,0,mntn
2025-11-15,,,,,,,,,,,0,0,0,0,0,0,0,0,0,0,0,0,0,0,0,0,0,0,0,0,0,0,0,0,0,0,0,0,0,0,0,0,0,0,0,0,0,"Salt Lake City, UT",0,0.9887,6470,18,6544,0,0,0,mntn
2025-08-24,,,,,,,,,,,0,0,0,0,0,0,0,0,0,0,0,0,0,0,0,0,0,0,0,0,0,0,0,0,0,0,0,0,0,0,0,0,0,0,0,0,0,,0,0,0,0,0,0,0,0,mntn
2025-04-17,,,,,,,,,,,0,0,0,0,0,0,0,0,0,0,0,0,0,0,0,0,0,0,0,0,0,0,0,0,0,0,0,0,0,0,0,0,0,0,0,0,0,,0,0,0,0,0,0,0,0,mntn
2025-02-07,,,,,,,,,,,0,0,0,0,0,0,0,0,0,0,0,0,0,0,0,0,0,0,0,0,0,0,0,0,0,0,0,0,0,0,0,0,0,0,0,0,0,,0,0,0,0,0,0,0,0,mntn
2024-12-11,,,,,,,,,,,0,0,0,0,0,0,0,0,0,0,0,0,0,0,0,0,0,0,0,0,0,0,0,0,0,0,0,0,0,0,0,0,0,0,0,0,0,,0,0,0,0,0,0,0,0,mntn
2025-08-23,,,,,,,,,,,0,0,0,0,0,0,0,0,0,0,0,0,0,0,0,0,0,0,0,0,0,0,0,0,0,0,0,0,0,0,0,0,0,0,0,0,0,,0,0,0,0,0,0,0,0,mntn
2025-10-10,,,,,,,,,,,0,0,0,0,0,0,0,0,0,0,0,0,0,0,0,0,0,0,0,0,0,0,0,0,0,0,0,0,0,0,0,0,0,0,0,0,0,,0,0,0,0,0,0,0,0,mntn
2025-05-30,,,,,,,,,,,0,0,0,0,0,0,0,0,0,0,0,0,0,0,0,0,0,0,0,0,0,0,0,0,0,0,0,0,0,0,0,0,0,0,0,0,0,,0,0,0,0,0,0,0,0,mntn
2025-01-17,,,,,,,,,,,0,0,0,0,0,0,0,0,0,0,0,0,0,0,0,0,0,0,0,0,0,0,0,0,0,0,0,0,0,0,0,0,0,0,0,0,0,,0,0,0,0,0,0,0,0,mntn
2025-10-25,,,,,,,,,,,0,0,0,0,0,0,0,0,0,0,0,0,0,0,0,0,0,0,0,0,0,0,0,0,0,0,0,0,0,0,0,0,0,0,0,0,0,"Salt Lake City, UT",0,0.9881,1896,3,1919,0,0,0,mntn
2025-10-25,,,,,,,,,,,0,1.5798,0.9878,1933,0,3,7.2718,19.3913,0.0015,1957,0,-1,7,8,0,0,0,0,0,0,0,0,0,0,0,0,0,0,0,0,0,0,0,0,0,0,0,,0,0,0,0,0,0,0,0,mntn
2025-10-25,,,,,,25-26 SC Video Campaign,25-26 SC Video Campaign,,,,0,0,0,0,0,0,0,0,0,0,0,0,0,0,0.9878,1933,6,0,-1,58.174,0.0019,1581,0.375,8,0,0,0,0,0,0,0,0,0,0,0,0,0,,0,0,0,0,0,1957,58.174,58.174,mntn
2025-10-25,,,,,,,,1920x1080,,,0,0,0,0,0,0,0,0,0,0,0,0,0,0,0,0,0,0,0,0,0,0,0,0,0.9878,1933,3,19.3913,0.0015,6,0,-1,58.174,0.0019,1581,0.375,8,,0,0,0,0,0,0,0,0,mntn
2025-10-25,,,,,,,,,,,0,0,0,0,0,0,0,0,0,0,0,0,0,0,0,0,0,0,0,0,0,0,0,0,0,0,0,0,0,0,0,0,0,0,0,0,0,"Grand Junction-Montrose, CO",0,1,3,0,3,0,0,0,mntn
2025-10-25,,,,,,,,,,,0,0,0,0,0,0,0,0,0,0,0,0,0,0,0,0,0,0,0,0,0,0,0,0,0,0,0,0,0,0,0,0,0,0,0,0,0,"Phoenix, AZ",0,1,1,0,1,0,0,0,mntn
2025-10-25,,,,,,,,,,,0,0,0,0,0,0,0,0,0,0,0,0,0,0,0,0,0,0,0,0,0,0,0,0,0,0,0,0,0,0,0,0,0,0,0,0,0,"Las Vegas, NV",0,0.9688,31,0,32,0,0,0,mntn
2025-10-25,,,,,,,,,,,0,0,0,0,0,0,0,0,0,0,0,0,0,0,0,0,0,0,0,0,0,0,0,0,0,0,0,0,0,0,0,0,0,0,0,0,0,"Denver, CO",0,1,2,0,2,0,0,0,mntn
2025-09-08,,,,,,,,,,,0,0,0,0,0,0,0,0,0,0,0,0,0,0,0,0,0,0,0,0,0,0,0,0,0,0,0,0,0,0,0,0,0,0,0,0,0,,0,0,0,0,0,0,0,0,mntn
2025-11-03,,,,,,25 UB Fall Campaign,25 UB Fall Campaign,,,,0,0,0,0,0,0,0,0,0,0,0,0,0,0,0,407,0,0,-1,12.2499,0.0042,236,0.5,2,0,0,0,0,0,0,0,0,0,0,0,0,0,,0,0,0,0,0,407,12.2499,12.2499,mntn
2025-11-03,,,,,,25 OR CTV Fall -001,25 OR CTV Fall -001,,,,0,0,0,0,0,0,0,0,0,0,0,0,0,0,0,302,0,0,-1,9.2286,0.2265,234,5.8889,9,0,0,0,0,0,0,0,0,0,0,0,0,0,,0,0,0,0,0,302,9.2286,9.2286,mntn
2025-11-03,,,,,,,,,,,0,1.6869,0,5674,0,83,2.9663,2.1086,0.0146,5674,0,-1,58,59,0,0,0,0,0,0,0,0,0,0,0,0,0,0,0,0,0,0,0,0,0,0,0,,0,0,0,0,0,0,0,0,mntn
2025-11-03,,,,,,,,,,,0,0,0,0,0,0,0,0,0,0,0,0,0,0,0,0,0,0,0,0,0,0,0,0,0,0,0,0,0,0,0,0,0,0,0,0,0,"Phoenix, AZ",0,0,24,0,24,0,0,0,mntn
2025-11-03,,,,,,,,,,,0,0,0,0,0,0,0,0,0,0,0,0,0,0,0,0,0,0,0,0,0,0,0,0,0,0,0,0,0,0,0,0,0,0,0,0,0,"Grand Junction-Montrose, CO",0,0,2,0,2,0,0,0,mntn
2025-11-03,,,,,,,,,,,0,0,0,0,0,0,0,0,0,0,0,0,0,0,0,0,0,0,0,0,0,0,0,0,0,0,0,0,0,0,0,0,0,0,0,0,0,"Las Vegas, NV",0,0,24,0,24,0,0,0,mntn
2025-11-03,,,,,,,,,,,0,0,0,0,0,0,0,0,0,0,0,0,0,0,0,0,0,0,0,0,0,0,0,0,0,0,0,0,0,0,0,0,0,0,0,0,0,"Salt Lake City, UT",0,0,5459,83,5459,0,0,0,mntn
2025-11-03,,,,,,25 PR CTV Fall-001,25 PR CTV Fall-001,,,,0,0,0,0,0,0,0,0,0,0,0,0,0,0,0,789,0,0,-1,24.7773,0.0033,614,0.6667,3,0,0,0,0,0,0,0,0,0,0,0,0,0,,0,0,0,0,0,789,24.7773,24.7773,mntn
2025-11-03,,,,,,25 TO CTV Fall - 001,25 TO CTV Fall - 001,,,,0,0,0,0,0,0,0,0,0,0,0,0,0,0,0,450,0,0,-1,13.7183,0.0108,185,0.6667,3,0,0,0,0,0,0,0,0,0,0,0,0,0,,0,0,0,0,0,450,13.7183,13.7183,mntn
2025-11-03,,,,,,25 BC CTV Fall -001,25 BC CTV Fall -001,,,,0,0,0,0,0,0,0,0,0,0,0,0,0,0,0,457,0,0,-1,13.0301,0,128,0,0,0,0,0,0,0,0,0,0,0,0,0,0,0,,0,0,0,0,0,457,13.0301,13.0301,mntn
2025-11-03,,,,,,,,1920x1080,,,0,0,0,0,0,0,0,0,0,0,0,0,0,0,0,0,0,0,0,0,0,0,0,0,0,5674,83,2.1086,0.0146,0,0,-1,175.0127,0.0212,3916,1.4068,59,,0,0,0,0,0,0,0,0,mntn
2025-11-03,,,,,,25-26 SC Video Campaign,25-26 SC Video Campaign,,,,0,0,0,0,0,0,0,0,0,0,0,0,0,0,0,1528,0,0,-1,48.5348,0.0107,1308,0.5833,24,0,0,0,0,0,0,0,0,0,0,0,0,0,,0,0,0,0,0,1528,48.5348,48.5348,mntn
2025-11-03,,,,,,,,,,,0,0,0,0,0,0,0,0,0,0,0,0,0,0,0,0,0,0,0,0,0,0,0,0,0,0,0,0,0,0,0,0,0,0,0,0,0,"Albuquerque-Santa Fe, NM",0,0,165,0,165,0,0,0,mntn
2025-11-03,,,,,,,,,,,0,0,0,0,0,0,0,0,0,0,0,0,0,0,0,0,0,0,0,0,0,0,0,0,0,0,0,0,0,0,0,0,0,0,0,0,0,unknown,0,0,0,0,0,0,0,0,mntn
2025-11-03,,,,,,25 MO CTV Fall-001,25 MO CTV Fall-001,,,,0,0,0,0,0,0,0,0,0,0,0,0,0,0,0,332,0,0,-1,9.7198,0,232,0,0,0,0,0,0,0,0,0,0,0,0,0,0,0,,0,0,0,0,0,332,9.7198,9.7198,mntn
2025-11-03,,,,,,25 SL CTV Fall-001,25 SL CTV Fall-001,,,,0,0,0,0,0,0,0,0,0,0,0,0,0,0,0,750,0,0,-1,23.4897,0.0194,566,0.6875,16,0,0,0,0,0,0,0,0,0,0,0,0,0,,0,0,0,0,0,750,23.4897,23.4897,mntn
2025-11-03,,,,,,25 BL CTV Fall-001,25 BL CTV Fall-001,,,,0,0,0,0,0,0,0,0,0,0,0,0,0,0,0,659,0,0,-1,20.2641,0,497,0,2,0,0,0,0,0,0,0,0,0,0,0,0,0,,0,0,0,0,0,659,20.2641,20.2641,mntn
2024-11-25,,,,,,,,,,,0,0,0,0,0,0,0,0,0,0,0,0,0,0,0,0,0,0,0,0,0,0,0,0,0,0,0,0,0,0,0,0,0,0,0,0,0,,0,0,0,0,0,0,0,0,mntn
2025-05-27,,,,,,,,,,,0,0,0,0,0,0,0,0,0,0,0,0,0,0,0,0,0,0,0,0,0,0,0,0,0,0,0,0,0,0,0,0,0,0,0,0,0,,0,0,0,0,0,0,0,0,mntn
2025-03-27,,,,,,,,,,,0,0,0,0,0,0,0,0,0,0,0,0,0,0,0,0,0,0,0,0,0,0,0,0,0,0,0,0,0,0,0,0,0,0,0,0,0,,0,0,0,0,0,0,0,0,mntn
2025-04-13,,,,,,,,,,,0,0,0,0,0,0,0,0,0,0,0,0,0,0,0,0,0,0,0,0,0,0,0,0,0,0,0,0,0,0,0,0,0,0,0,0,0,,0,0,0,0,0,0,0,0,mntn
2025-02-27,,,,,,,,,,,0,0,0,0,0,0,0,0,0,0,0,0,0,0,0,0,0,0,0,0,0,0,0,0,0,0,0,0,0,0,0,0,0,0,0,0,0,,0,0,0,0,0,0,0,0,mntn
2024-12-27,,,,,,,,,,,0,0,0,0,0,0,0,0,0,0,0,0,0,0,0,0,0,0,0,0,0,0,0,0,0,0,0,0,0,0,0,0,0,0,0,0,0,,0,0,0,0,0,0,0,0,mntn
2025-09-17,,,,,,,,,,,0,0,0,0,0,0,0,0,0,0,0,0,0,0,0,0,0,0,0,0,0,0,0,0,0,0,0,0,0,0,0,0,0,0,0,0,0,,0,0,0,0,0,0,0,0,mntn
2025-06-30,,,,,,,,,,,0,0,0,0,0,0,0,0,0,0,0,0,0,0,0,0,0,0,0,0,0,0,0,0,0,0,0,0,0,0,0,0,0,0,0,0,0,,0,0,0,0,0,0,0,0,mntn
2025-09-23,,,,,,,,,,,0,0,0,0,0,0,0,0,0,0,0,0,0,0,0,0,0,0,0,0,0,0,0,0,0,0,0,0,0,0,0,0,0,0,0,0,0,,0,0,0,0,0,0,0,0,mntn
2025-04-20,,,,,,,,,,,0,0,0,0,0,0,0,0,0,0,0,0,0,0,0,0,0,0,0,0,0,0,0,0,0,0,0,0,0,0,0,0,0,0,0,0,0,,0,0,0,0,0,0,0,0,mntn
2025-08-09,,,,,,,,,,,0,0,0,0,0,0,0,0,0,0,0,0,0,0,0,0,0,0,0,0,0,0,0,0,0,0,0,0,0,0,0,0,0,0,0,0,0,,0,0,0,0,0,0,0,0,mntn
2025-10-20,,,,,,,,,,,0,2.407,0,0,0,0,0,0,0,0,0,0,0,0,0,0,0,0,0,0,0,0,0,0,0,0,0,0,0,0,0,0,0,0,0,0,0,,0,0,0,0,0,0,0,0,mntn
2025-10-02,,,,,,,,,,,0,0,0,0,0,0,0,0,0,0,0,0,0,0,0,0,0,0,0,0,0,0,0,0,0,0,0,0,0,0,0,0,0,0,0,0,0,,0,0,0,0,0,0,0,0,mntn
2025-11-10,,,,,,25 BC CTV Fall -001,25 BC CTV Fall -001,,,,0,0,0,0,0,0,0,0,0,0,0,0,0,0,0.986,376,1,0,-1,11.6251,0,121,0,1,0,0,0,0,0,0,0,0,0,0,0,0,0,,0,0,0,0,0,381,11.6251,11.6251,mntn
2025-11-10,,,,,,25 UB Fall Campaign,25 UB Fall Campaign,,,,0,0,0,0,0,0,0,0,0,0,0,0,0,0,0.9873,492,2,0,-1,15.4329,0.0043,234,0.5,2,0,0,0,0,0,0,0,0,0,0,0,0,0,,0,0,0,0,0,498,15.4329,15.4329,mntn
2025-11-10,,,,,,,,,,,0,0,0,0,0,0,0,0,0,0,0,0,0,0,0,0,0,0,0,0,0,0,0,0,0,0,0,0,0,0,0,0,0,0,0,0,0,"Las Vegas, NV",0,1,31,0,31,0,0,0,mntn
2025-11-10,,,,,,25 SL CTV Fall-001,25 SL CTV Fall-001,,,,0,0,0,0,0,0,0,0,0,0,0,0,0,0,0.9809,759,32,0,-1,24.6086,0.0344,611,0.6562,32,0,0,0,0,0,0,0,0,0,0,0,0,0,,0,0,0,0,0,774,24.6086,24.6086,mntn
2025-11-10,,,,,,25 PR CTV Fall-001,25 PR CTV Fall-001,,,,0,0,0,0,0,0,0,0,0,0,0,0,0,0,0.9845,809,6,0,-1,26.3292,0.0033,610,0.3333,6,0,0,0,0,0,0,0,0,0,0,0,0,0,,0,0,0,0,0,822,26.3292,26.3292,mntn
2025-11-10,,,,,,,,,,,0,0,0,0,0,0,0,0,0,0,0,0,0,0,0,0,0,0,0,0,0,0,0,0,0,0,0,0,0,0,0,0,0,0,0,0,0,"Salt Lake City, UT",0,0.9883,5717,104,5785,0,0,0,mntn
2025-11-10,,,,,,,,,,,0,0,0,0,0,0,0,0,0,0,0,0,0,0,0,0,0,0,0,0,0,0,0,0,0,0,0,0,0,0,0,0,0,0,0,0,0,unknown,0,0,0,0,0,0,0,0,mntn
2025-11-10,,,,,,,,,,,0,0,0,0,0,0,0,0,0,0,0,0,0,0,0,0,0,0,0,0,0,0,0,0,0,0,0,0,0,0,0,0,0,0,0,0,0,"Albuquerque-Santa Fe, NM",0,0.9876,163,0,165,0,0,0,mntn
2025-11-10,,,,,,,,,,,0,0,0,0,0,0,0,0,0,0,0,0,0,0,0,0,0,0,0,0,0,0,0,0,0,0,0,0,0,0,0,0,0,0,0,0,0,"Phoenix, AZ",0,1,16,2,16,0,0,0,mntn
2025-11-10,,,,,,,,,,,0,3.3064,0.9884,5931,0,106,1.8478,1.7955,0.0177,6001,0,-1,96,103,0,0,0,0,0,0,0,0,0,0,0,0,0,0,0,0,0,0,0,0,0,0,0,,0,0,0,0,0,0,0,0,mntn
2025-11-10,,,,,,,,1920x1080,,,0,0,0,0,0,0,0,0,0,0,0,0,0,0,0,0,0,0,0,0,0,0,0,0,0.9884,5931,106,1.7955,0.0177,95,0,-1,190.3218,0.0263,4030,1.0291,103,,0,0,0,0,0,0,0,0,mntn
2025-11-10,,,,,,25-26 SC Video Campaign,25-26 SC Video Campaign,,,,0,0,0,0,0,0,0,0,0,0,0,0,0,0,0.9927,1544,30,0,-1,50.3245,0.0251,1357,0.9714,35,0,0,0,0,0,0,0,0,0,0,0,0,0,,0,0,0,0,0,1555,50.3245,50.3245,mntn
2025-11-10,,,,,,25 BL CTV Fall-001,25 BL CTV Fall-001,,,,0,0,0,0,0,0,0,0,0,0,0,0,0,0,0.9908,665,8,0,-1,21.4764,0.0074,537,0.4444,9,0,0,0,0,0,0,0,0,0,0,0,0,0,,0,0,0,0,0,671,21.4764,21.4764,mntn
2025-11-10,,,,,,,,,,,0,0,0,0,0,0,0,0,0,0,0,0,0,0,0,0,0,0,0,0,0,0,0,0,0,0,0,0,0,0,0,0,0,0,0,0,0,"Denver, CO",0,1,4,0,4,0,0,0,mntn
2025-11-10,,,,,,25 MO CTV Fall-001,25 MO CTV Fall-001,,,,0,0,0,0,0,0,0,0,0,0,0,0,0,0,0.997,354,1,0,-1,10.5806,0,208,0,1,0,0,0,0,0,0,0,0,0,0,0,0,0,,0,0,0,0,0,355,10.5806,10.5806,mntn
2025-11-10,,,,,,25 TO CTV Fall - 001,25 TO CTV Fall - 001,,,,0,0,0,0,0,0,0,0,0,0,0,0,0,0,0.9938,498,4,0,-1,15.1049,0.0167,180,0.75,4,0,0,0,0,0,0,0,0,0,0,0,0,0,,0,0,0,0,0,501,15.1049,15.1049,mntn
2025-11-10,,,,,,25 OR CTV Fall -001,25 OR CTV Fall -001,,,,0,0,0,0,0,0,0,0,0,0,0,0,0,0,0.979,435,11,0,-1,14.8396,0.1602,256,3.1538,13,0,0,0,0,0,0,0,0,0,0,0,0,0,,0,0,0,0,0,444,14.8396,14.8396,mntn
2025-05-01,,,,,,,,,,,0,0,0,0,0,0,0,0,0,0,0,0,0,0,0,0,0,0,0,0,0,0,0,0,0,0,0,0,0,0,0,0,0,0,0,0,0,,0,0,0,0,0,0,0,0,mntn
2025-07-04,,,,,,,,,,,0,0,0,0,0,0,0,0,0,0,0,0,0,0,0,0,0,0,0,0,0,0,0,0,0,0,0,0,0,0,0,0,0,0,0,0,0,,0,0,0,0,0,0,0,0,mntn
2024-12-23,,,,,,,,,,,0,0,0,0,0,0,0,0,0,0,0,0,0,0,0,0,0,0,0,0,0,0,0,0,0,0,0,0,0,0,0,0,0,0,0,0,0,,0,0,0,0,0,0,0,0,mntn
2025-04-30,,,,,,,,,,,0,0,0,0,0,0,0,0,0,0,0,0,0,0,0,0,0,0,0,0,0,0,0,0,0,0,0,0,0,0,0,0,0,0,0,0,0,,0,0,0,0,0,0,0,0,mntn
2025-03-17,,,,,,,,,,,0,0,0,0,0,0,0,0,0,0,0,0,0,0,0,0,0,0,0,0,0,0,0,0,0,0,0,0,0,0,0,0,0,0,0,0,0,,0,0,0,0,0,0,0,0,mntn
2025-07-20,,,,,,,,,,,0,0,0,0,0,0,0,0,0,0,0,0,0,0,0,0,0,0,0,0,0,0,0,0,0,0,0,0,0,0,0,0,0,0,0,0,0,,0,0,0,0,0,0,0,0,mntn
2025-01-18,,,,,,,,,,,0,0,0,0,0,0,0,0,0,0,0,0,0,0,0,0,0,0,0,0,0,0,0,0,0,0,0,0,0,0,0,0,0,0,0,0,0,,0,0,0,0,0,0,0,0,mntn
2025-06-14,,,,,,,,,,,0,0,0,0,0,0,0,0,0,0,0,0,0,0,0,0,0,0,0,0,0,0,0,0,0,0,0,0,0,0,0,0,0,0,0,0,0,,0,0,0,0,0,0,0,0,mntn
2025-07-19,,,,,,,,,,,0,0,0,0,0,0,0,0,0,0,0,0,0,0,0,0,0,0,0,0,0,0,0,0,0,0,0,0,0,0,0,0,0,0,0,0,0,,0,0,0,0,0,0,0,0,mntn
2025-04-12,,,,,,,,,,,0,0,0,0,0,0,0,0,0,0,0,0,0,0,0,0,0,0,0,0,0,0,0,0,0,0,0,0,0,0,0,0,0,0,0,0,0,,0,0,0,0,0,0,0,0,mntn
2025-09-20,,,,,,,,,,,0,0,0,0,0,0,0,0,0,0,0,0,0,0,0,0,0,0,0,0,0,0,0,0,0,0,0,0,0,0,0,0,0,0,0,0,0,,0,0,0,0,0,0,0,0,mntn
2025-07-28,,,,,,,,,,,0,0,0,0,0,0,0,0,0,0,0,0,0,0,0,0,0,0,0,0,0,0,0,0,0,0,0,0,0,0,0,0,0,0,0,0,0,,0,0,0,0,0,0,0,0,mntn
2025-09-22,,,,,,,,,,,0,0,0,0,0,0,0,0,0,0,0,0,0,0,0,0,0,0,0,0,0,0,0,0,0,0,0,0,0,0,0,0,0,0,0,0,0,,0,0,0,0,0,0,0,0,mntn
2025-05-24,,,,,,,,,,,0,0,0,0,0,0,0,0,0,0,0,0,0,0,0,0,0,0,0,0,0,0,0,0,0,0,0,0,0,0,0,0,0,0,0,0,0,,0,0,0,0,0,0,0,0,mntn
2025-02-20,,,,,,,,,,,0,0,0,0,0,0,0,0,0,0,0,0,0,0,0,0,0,0,0,0,0,0,0,0,0,0,0,0,0,0,0,0,0,0,0,0,0,,0,0,0,0,0,0,0,0,mntn
2025-03-13,,,,,,,,,,,0,0,0,0,0,0,0,0,0,0,0,0,0,0,0,0,0,0,0,0,0,0,0,0,0,0,0,0,0,0,0,0,0,0,0,0,0,,0,0,0,0,0,0,0,0,mntn
2025-03-05,,,,,,,,,,,0,0,0,0,0,0,0,0,0,0,0,0,0,0,0,0,0,0,0,0,0,0,0,0,0,0,0,0,0,0,0,0,0,0,0,0,0,,0,0,0,0,0,0,0,0,mntn
2025-09-30,,,,,,,,,,,0,0,0,0,0,0,0,0,0,0,0,0,0,0,0,0,0,0,0,0,0,0,0,0,0,0,0,0,0,0,0,0,0,0,0,0,0,,0,0,0,0,0,0,0,0,mntn
2025-07-22,,,,,,,,,,,0,0,0,0,0,0,0,0,0,0,0,0,0,0,0,0,0,0,0,0,0,0,0,0,0,0,0,0,0,0,0,0,0,0,0,0,0,,0,0,0,0,0,0,0,0,mntn
2024-12-13,,,,,,,,,,,0,0,0,0,0,0,0,0,0,0,0,0,0,0,0,0,0,0,0,0,0,0,0,0,0,0,0,0,0,0,0,0,0,0,0,0,0,,0,0,0,0,0,0,0,0,mntn
2025-10-18,,,,,,,,,,,0,1.6613,0,0,0,0,0,0,0,0,0,0,0,0,0,0,0,0,0,0,0,0,0,0,0,0,0,0,0,0,0,0,0,0,0,0,0,,0,0,0,0,0,0,0,0,mntn
2024-11-30,,,,,,,,,,,0,0,0,0,0,0,0,0,0,0,0,0,0,0,0,0,0,0,0,0,0,0,0,0,0,0,0,0,0,0,0,0,0,0,0,0,0,,0,0,0,0,0,0,0,0,mntn
2025-08-12,,,,,,,,,,,0,0,0,0,0,0,0,0,0,0,0,0,0,0,0,0,0,0,0,0,0,0,0,0,0,0,0,0,0,0,0,0,0,0,0,0,0,,0,0,0,0,0,0,0,0,mntn
2025-06-23,,,,,,,,,,,0,0,0,0,0,0,0,0,0,0,0,0,0,0,0,0,0,0,0,0,0,0,0,0,0,0,0,0,0,0,0,0,0,0,0,0,0,,0,0,0,0,0,0,0,0,mntn
2025-07-14,,,,,,,,,,,0,0,0,0,0,0,0,0,0,0,0,0,0,0,0,0,0,0,0,0,0,0,0,0,0,0,0,0,0,0,0,0,0,0,0,0,0,,0,0,0,0,0,0,0,0,mntn
2024-11-21,,,,,,,,,,,0,0,0,0,0,0,0,0,0,0,0,0,0,0,0,0,0,0,0,0,0,0,0,0,0,0,0,0,0,0,0,0,0,0,0,0,0,,0,0,0,0,0,0,0,0,mntn
2025-11-20,,,,,,,,,1920x1080,,0,0,0,0,0,0,0,0,0,0,0,0,0,0,0,0,0,0,0,0,0,0,0,0,0,0,0,0,0,0,0,0,0,0,0,0,0,,0,0,0,0,0,0,0,0,mntn
2025-11-20,,,,,,,,,,Inactive,0,0,0,0,0,0,0,0,0,0,0,0,0,0,0,0,0,0,0,0,0,0,0,0,0,0,0,0,0,0,0,0,0,0,0,0,0,,0,0,0,0,0,0,0,0,mntn
2025-11-20,,,,,,,,,,Pause By Advertisers,0,0,0,0,0,0,0,0,0,0,0,0,0,0,0,0,0,0,0,0,0,0,0,0,0,0,0,0,0,0,0,0,0,0,0,0,0,,0,0,0,0,0,0,0,0,mntn
2025-11-20,,,,,,,,,,Ready,0,0,0,0,0,0,0,0,0,0,0,0,0,0,0,0,0,0,0,0,0,0,0,0,0,0,0,0,0,0,0,0,0,0,0,0,0,,0,0,0,0,0,0,0,0,mntn
2025-11-20,,,,,,,,,,Pause By MNTN,0,0,0,0,0,0,0,0,0,0,0,0,0,0,0,0,0,0,0,0,0,0,0,0,0,0,0,0,0,0,0,0,0,0,0,0,0,,0,0,0,0,0,0,0,0,mntn
2025-11-20,,,,,,,,,,Live,0,0,0,0,0,0,0,0,0,0,0,0,0,0,0,0,0,0,0,0,0,0,0,0,0,0,0,0,0,0,0,0,0,0,0,0,0,,0,0,0,0,0,0,0,0,mntn
2025-11-20,,,,,,,,,,Legacy Archived,0,0,0,0,0,0,0,0,0,0,0,0,0,0,0,0,0,0,0,0,0,0,0,0,0,0,0,0,0,0,0,0,0,0,0,0,0,,0,0,0,0,0,0,0,0,mntn
2025-11-20,,,,,,,,,,Deleted,0,0,0,0,0,0,0,0,0,0,0,0,0,0,0,0,0,0,0,0,0,0,0,0,0,0,0,0,0,0,0,0,0,0,0,0,0,,0,0,0,0,0,0,0,0,mntn
2025-06-27,,,,,,,,,,,0,0,0,0,0,0,0,0,0,0,0,0,0,0,0,0,0,0,0,0,0,0,0,0,0,0,0,0,0,0,0,0,0,0,0,0,0,,0,0,0,0,0,0,0,0,mntn
2025-06-22,,,,,,,,,,,0,0,0,0,0,0,0,0,0,0,0,0,0,0,0,0,0,0,0,0,0,0,0,0,0,0,0,0,0,0,0,0,0,0,0,0,0,,0,0,0,0,0,0,0,0,mntn
2025-10-29,,,,,,,,,,,0,0,0,0,0,0,0,0,0,0,0,0,0,0,0,0,0,0,0,0,0,0,0,0,0,0,0,0,0,0,0,0,0,0,0,0,0,unknown,0,0,0,0,0,0,0,0,mntn
2025-10-29,,,,,,,,,,,0,0,0,0,0,0,0,0,0,0,0,0,0,0,0,0,0,0,0,0,0,0,0,0,0,0,0,0,0,0,0,0,0,0,0,0,0,"Las Vegas, NV",0,0.9737,39,0,40,0,0,0,mntn
2025-10-29,,,,,,25 SL CTV Fall-001,25 SL CTV Fall-001,,,,0,0,0,0,0,0,0,0,0,0,0,0,0,0,0.9857,717,6,0,-1,20.634,0.016,499,0.8889,9,0,0,0,0,0,0,0,0,0,0,0,0,0,,0,0,0,0,0,727,20.634,20.634,mntn
2025-10-29,,,,,,,,1920x1080,,,0,0,0,0,0,0,0,0,0,0,0,0,0,0,0,0,0,0,0,0,0,0,0,0,0.9868,3283,28,3.5041,0.0084,31,0,-1,98.1151,0.0115,2437,0.8,35,,0,0,0,0,0,0,0,0,mntn
2025-10-29,,,,,,25 TO CTV Fall - 001,25 TO CTV Fall - 001,,,,0,0,0,0,0,0,0,0,0,0,0,0,0,0,0.9864,391,1,0,-1,11.6442,0.0079,254,1,2,0,0,0,0,0,0,0,0,0,0,0,0,0,,0,0,0,0,0,396,11.6442,11.6442,mntn
2025-10-29,,,,,,,,,,,0,0,0,0,0,0,0,0,0,0,0,0,0,0,0,0,0,0,0,0,0,0,0,0,0,0,0,0,0,0,0,0,0,0,0,0,0,"Denver, CO",0,1,5,0,5,0,0,0,mntn
2025-10-29,,,,,,,,,,,0,1.8644,0.9868,3283,0,28,2.8033,3.5041,0.0084,3327,0,-1,31,35,0,0,0,0,0,0,0,0,0,0,0,0,0,0,0,0,0,0,0,0,0,0,0,,0,0,0,0,0,0,0,0,mntn
2025-10-29,,,,,,,,,,,0,0,0,0,0,0,0,0,0,0,0,0,0,0,0,0,0,0,0,0,0,0,0,0,0,0,0,0,0,0,0,0,0,0,0,0,0,"Salt Lake City, UT",0,0.9869,3237,28,3280,0,0,0,mntn
2025-10-29,,,,,,,,,,,0,0,0,0,0,0,0,0,0,0,0,0,0,0,0,0,0,0,0,0,0,0,0,0,0,0,0,0,0,0,0,0,0,0,0,0,0,"Grand Junction-Montrose, CO",0,1,2,0,2,0,0,0,mntn
2025-10-29,,,,,,25 BC CTV Fall -001,25 BC CTV Fall -001,,,,0,0,0,0,0,0,0,0,0,0,0,0,0,0,0.9695,207,0,0,-1,6.485,0,106,0,0,0,0,0,0,0,0,0,0,0,0,0,0,0,,0,0,0,0,0,213,6.485,6.485,mntn
2025-10-29,,,,,,25 OR CTV Fall -001,25 OR CTV Fall -001,,,,0,0,0,0,0,0,0,0,0,0,0,0,0,0,0.9837,270,3,0,-1,8.0566,0.0178,169,1,3,0,0,0,0,0,0,0,0,0,0,0,0,0,,0,0,0,0,0,274,8.0566,8.0566,mntn
2025-09-05,,,,,,,,,,,0,0,0,0,0,0,0,0,0,0,0,0,0,0,0,0,0,0,0,0,0,0,0,0,0,0,0,0,0,0,0,0,0,0,0,0,0,,0,0,0,0,0,0,0,0,mntn
2024-12-18,,,,,,,,,,,0,0,0,0,0,0,0,0,0,0,0,0,0,0,0,0,0,0,0,0,0,0,0,0,0,0,0,0,0,0,0,0,0,0,0,0,0,,0,0,0,0,0,0,0,0,mntn
2024-12-25,,,,,,,,,,,0,0,0,0,0,0,0,0,0,0,0,0,0,0,0,0,0,0,0,0,0,0,0,0,0,0,0,0,0,0,0,0,0,0,0,0,0,,0,0,0,0,0,0,0,0,mntn
2025-09-09,,,,,,,,,,,0,0,0,0,0,0,0,0,0,0,0,0,0,0,0,0,0,0,0,0,0,0,0,0,0,0,0,0,0,0,0,0,0,0,0,0,0,,0,0,0,0,0,0,0,0,mntn
2025-09-29,,,,,,,,,,,0,0,0,0,0,0,0,0,0,0,0,0,0,0,0,0,0,0,0,0,0,0,0,0,0,0,0,0,0,0,0,0,0,0,0,0,0,,0,0,0,0,0,0,0,0,mntn
2025-04-28,,,,,,,,,,,0,0,0,0,0,0,0,0,0,0,0,0,0,0,0,0,0,0,0,0,0,0,0,0,0,0,0,0,0,0,0,0,0,0,0,0,0,,0,0,0,0,0,0,0,0,mntn
2025-06-26,,,,,,,,,,,0,0,0,0,0,0,0,0,0,0,0,0,0,0,0,0,0,0,0,0,0,0,0,0,0,0,0,0,0,0,0,0,0,0,0,0,0,,0,0,0,0,0,0,0,0,mntn
2025-11-08,,,,,,,,,,,0,3.021,0.987,6159,0,36,3.4727,5.4985,0.0058,6240,0,-1,57,57,0,0,0,0,0,0,0,0,0,0,0,0,0,0,0,0,0,0,0,0,0,0,0,,0,0,0,0,0,0,0,0,mntn
2025-11-08,,,,,,,,1920x1080,,,0,0,0,0,0,0,0,0,0,0,0,0,0,0,0,0,0,0,0,0,0,0,0,0,0.987,6159,36,5.4985,0.0058,20,0,-1,197.9458,0.0087,4147,0.6316,57,,0,0,0,0,0,0,0,0,mntn
2025-11-08,,,,,,25 BC CTV Fall -001,25 BC CTV Fall -001,,,,0,0,0,0,0,0,0,0,0,0,0,0,0,0,0.9818,457,0,0,-1,14.0576,0,142,0,1,0,0,0,0,0,0,0,0,0,0,0,0,0,,0,0,0,0,0,465,14.0576,14.0576,mntn
2025-11-08,,,,,,25 BL CTV Fall-001,25 BL CTV Fall-001,,,,0,0,0,0,0,0,0,0,0,0,0,0,0,0,0.9908,666,1,0,-1,21.1398,0.0037,536,1,2,0,0,0,0,0,0,0,0,0,0,0,0,0,,0,0,0,0,0,672,21.1398,21.1398,mntn
2025-11-08,,,,,,25 MO CTV Fall-001,25 MO CTV Fall-001,,,,0,0,0,0,0,0,0,0,0,0,0,0,0,0,0.9888,368,2,0,-1,11.1748,0.0047,212,0.5,2,0,0,0,0,0,0,0,0,0,0,0,0,0,,0,0,0,0,0,372,11.1748,11.1748,mntn
2025-11-08,,,,,,25 OR CTV Fall -001,25 OR CTV Fall -001,,,,0,0,0,0,0,0,0,0,0,0,0,0,0,0,0.9804,471,2,0,-1,15.8051,0.0277,253,0.7778,9,0,0,0,0,0,0,0,0,0,0,0,0,0,,0,0,0,0,0,480,15.8051,15.8051,mntn
2025-11-08,,,,,,25 PR CTV Fall-001,25 PR CTV Fall-001,,,,0,0,0,0,0,0,0,0,0,0,0,0,0,0,0.9882,779,0,0,-1,25.6406,0,593,0,1,0,0,0,0,0,0,0,0,0,0,0,0,0,,0,0,0,0,0,788,25.6406,25.6406,mntn
2025-11-08,,,,,,25 SL CTV Fall-001,25 SL CTV Fall-001,,,,0,0,0,0,0,0,0,0,0,0,0,0,0,0,0.9799,757,7,0,-1,24.7902,0.0165,607,0.5263,19,0,0,0,0,0,0,0,0,0,0,0,0,0,,0,0,0,0,0,772,24.7902,24.7902,mntn
2025-11-08,,,,,,25 TO CTV Fall - 001,25 TO CTV Fall - 001,,,,0,0,0,0,0,0,0,0,0,0,0,0,0,0,0.9807,477,4,0,-1,14.8618,0.0164,183,0.75,4,0,0,0,0,0,0,0,0,0,0,0,0,0,,0,0,0,0,0,486,14.8618,14.8618,mntn
2025-11-08,,,,,,25 UB Fall Campaign,25 UB Fall Campaign,,,,0,0,0,0,0,0,0,0,0,0,0,0,0,0,0.9875,487,0,0,-1,15.6299,0.0088,226,0.6667,3,0,0,0,0,0,0,0,0,0,0,0,0,0,,0,0,0,0,0,493,15.6299,15.6299,mntn
2025-11-08,,,,,,25-26 SC Video Campaign,25-26 SC Video Campaign,,,,0,0,0,0,0,0,0,0,0,0,0,0,0,0,0.9928,1700,4,0,-1,54.8459,0.0074,1483,0.6875,16,0,0,0,0,0,0,0,0,0,0,0,0,0,,0,0,0,0,0,1712,54.8459,54.8459,mntn
2025-11-08,,,,,,,,,,,0,0,0,0,0,0,0,0,0,0,0,0,0,0,0,0,0,0,0,0,0,0,0,0,0,0,0,0,0,0,0,0,0,0,0,0,0,"Albuquerque-Santa Fe, NM",0,0.9884,174,0,176,0,0,0,mntn
2025-11-08,,,,,,,,,,,0,0,0,0,0,0,0,0,0,0,0,0,0,0,0,0,0,0,0,0,0,0,0,0,0,0,0,0,0,0,0,0,0,0,0,0,0,"Denver, CO",0,1,5,0,5,0,0,0,mntn
2025-11-08,,,,,,,,,,,0,0,0,0,0,0,0,0,0,0,0,0,0,0,0,0,0,0,0,0,0,0,0,0,0,0,0,0,0,0,0,0,0,0,0,0,0,"Grand Junction-Montrose, CO",0,1,1,0,1,0,0,0,mntn
2025-11-08,,,,,,,,,,,0,0,0,0,0,0,0,0,0,0,0,0,0,0,0,0,0,0,0,0,0,0,0,0,0,0,0,0,0,0,0,0,0,0,0,0,0,"Las Vegas, NV",0,1,31,0,31,0,0,0,mntn
2025-11-08,,,,,,,,,,,0,0,0,0,0,0,0,0,0,0,0,0,0,0,0,0,0,0,0,0,0,0,0,0,0,0,0,0,0,0,0,0,0,0,0,0,0,"Phoenix, AZ",0,1,20,1,20,0,0,0,mntn
2025-11-08,,,,,,,,,,,0,0,0,0,0,0,0,0,0,0,0,0,0,0,0,0,0,0,0,0,0,0,0,0,0,0,0,0,0,0,0,0,0,0,0,0,0,"Salt Lake City, UT",0,0.9869,5928,35,6007,0,0,0,mntn
2025-06-11,,,,,,,,,,,0,0,0,0,0,0,0,0,0,0,0,0,0,0,0,0,0,0,0,0,0,0,0,0,0,0,0,0,0,0,0,0,0,0,0,0,0,,0,0,0,0,0,0,0,0,mntn
2025-11-02,,,,,,25 BL CTV Fall-001,25 BL CTV Fall-001,,,,0,0,0,0,0,0,0,0,0,0,0,0,0,0,0.9877,747,1,0,-1,22.0951,0.0017,588,1,1,0,0,0,0,0,0,0,0,0,0,0,0,0,,0,0,0,0,0,756,22.0951,22.0951,mntn
2025-11-02,,,,,,25 OR CTV Fall -001,25 OR CTV Fall -001,,,,0,0,0,0,0,0,0,0,0,0,0,0,0,0,0.9656,488,2,0,-1,15.0254,0.0028,355,0.5,2,0,0,0,0,0,0,0,0,0,0,0,0,0,,0,0,0,0,0,505,15.0254,15.0254,mntn
2025-11-02,,,,,,,,,,,0,0,0,0,0,0,0,0,0,0,0,0,0,0,0,0,0,0,0,0,0,0,0,0,0,0,0,0,0,0,0,0,0,0,0,0,0,"Salt Lake City, UT",0,0.9868,6462,31,6549,0,0,0,mntn
2025-11-02,,,,,,,,,,,0,0,0,0,0,0,0,0,0,0,0,0,0,0,0,0,0,0,0,0,0,0,0,0,0,0,0,0,0,0,0,0,0,0,0,0,0,"Albuquerque-Santa Fe, NM",0,0.9848,198,0,201,0,0,0,mntn
2025-11-02,,,,,,25 BC CTV Fall -001,25 BC CTV Fall -001,,,,0,0,0,0,0,0,0,0,0,0,0,0,0,0,0.9923,425,0,0,-1,11.9905,0,131,0,0,0,0,0,0,0,0,0,0,0,0,0,0,0,,0,0,0,0,0,428,11.9905,11.9905,mntn
2025-11-02,,,,,,25-26 SC Video Campaign,25-26 SC Video Campaign,,,,0,0,0,0,0,0,0,0,0,0,0,0,0,0,0.9916,1828,36,0,-1,53.2981,0.0148,1554,0.6216,37,0,0,0,0,0,0,0,0,0,0,0,0,0,,0,0,0,0,0,1843,53.2981,53.2981,mntn
2025-11-02,,,,,,,,,,,0,0,0,0,0,0,0,0,0,0,0,0,0,0,0,0,0,0,0,0,0,0,0,0,0,0,0,0,0,0,0,0,0,0,0,0,0,"Grand Junction-Montrose, CO",0,1,3,0,3,0,0,0,mntn
2025-11-02,,,,,,,,1920x1080,,,0,0,0,0,0,0,0,0,0,0,0,0,0,0,0,0,0,0,0,0,0,0,0,0,0.9868,6713,32,6.1335,0.0047,55,0,-1,196.2707,0.0069,4626,0.5714,56,,0,0,0,0,0,0,0,0,mntn
2025-11-02,,,,,,25 UB Fall Campaign,25 UB Fall Campaign,,,,0,0,0,0,0,0,0,0,0,0,0,0,0,0,0.9864,546,0,0,-1,15.4274,0,307,0,0,0,0,0,0,0,0,0,0,0,0,0,0,0,,0,0,0,0,0,554,15.4274,15.4274,mntn
2025-11-02,,,,,,,,,,,0,1.4805,0.9868,6713,0,32,3.5048,6.1335,0.0047,6803,0,-1,56,56,0,0,0,0,0,0,0,0,0,0,0,0,0,0,0,0,0,0,0,0,0,0,0,,0,0,0,0,0,0,0,0,mntn
2025-11-02,,,,,,,,,,,0,0,0,0,0,0,0,0,0,0,0,0,0,0,0,0,0,0,0,0,0,0,0,0,0,0,0,0,0,0,0,0,0,0,0,0,0,"Las Vegas, NV",0,1,32,0,32,0,0,0,mntn
2025-11-02,,,,,,25 MO CTV Fall-001,25 MO CTV Fall-001,,,,0,0,0,0,0,0,0,0,0,0,0,0,0,0,0.9836,389,0,0,-1,10.8619,0,262,0,0,0,0,0,0,0,0,0,0,0,0,0,0,0,,0,0,0,0,0,396,10.8619,10.8619,mntn
2025-11-02,,,,,,,,,,,0,0,0,0,0,0,0,0,0,0,0,0,0,0,0,0,0,0,0,0,0,0,0,0,0,0,0,0,0,0,0,0,0,0,0,0,0,"Denver, CO",0,1,3,0,3,0,0,0,mntn
2025-11-02,,,,,,,,,,,0,0,0,0,0,0,0,0,0,0,0,0,0,0,0,0,0,0,0,0,0,0,0,0,0,0,0,0,0,0,0,0,0,0,0,0,0,"Phoenix, AZ",0,1,15,1,15,0,0,0,mntn
2025-11-02,,,,,,25 PR CTV Fall-001,25 PR CTV Fall-001,,,,0,0,0,0,0,0,0,0,0,0,0,0,0,0,0.9922,925,1,0,-1,27.6357,0,648,0,1,0,0,0,0,0,0,0,0,0,0,0,0,0,,0,0,0,0,0,932,27.6357,27.6357,mntn
2025-11-02,,,,,,25 SL CTV Fall-001,25 SL CTV Fall-001,,,,0,0,0,0,0,0,0,0,0,0,0,0,0,0,0.9789,845,11,0,-1,25.4443,0.0076,656,0.4545,11,0,0,0,0,0,0,0,0,0,0,0,0,0,,0,0,0,0,0,863,25.4443,25.4443,mntn
2025-11-02,,,,,,25 TO CTV Fall - 001,25 TO CTV Fall - 001,,,,0,0,0,0,0,0,0,0,0,0,0,0,0,0,0.9899,521,4,0,-1,14.4923,0.0083,241,0.5,4,0,0,0,0,0,0,0,0,0,0,0,0,0,,0,0,0,0,0,526,14.4923,14.4923,mntn
2024-12-01,,,,,,,,,,,0,0,0,0,0,0,0,0,0,0,0,0,0,0,0,0,0,0,0,0,0,0,0,0,0,0,0,0,0,0,0,0,0,0,0,0,0,,0,0,0,0,0,0,0,0,mntn
2025-02-13,,,,,,,,,,,0,0,0,0,0,0,0,0,0,0,0,0,0,0,0,0,0,0,0,0,0,0,0,0,0,0,0,0,0,0,0,0,0,0,0,0,0,,0,0,0,0,0,0,0,0,mntn
2025-05-18,,,,,,,,,,,0,0,0,0,0,0,0,0,0,0,0,0,0,0,0,0,0,0,0,0,0,0,0,0,0,0,0,0,0,0,0,0,0,0,0,0,0,,0,0,0,0,0,0,0,0,mntn
2025-02-10,,,,,,,,,,,0,0,0,0,0,0,0,0,0,0,0,0,0,0,0,0,0,0,0,0,0,0,0,0,0,0,0,0,0,0,0,0,0,0,0,0,0,,0,0,0,0,0,0,0,0,mntn
2025-04-24,,,,,,,,,,,0,0,0,0,0,0,0,0,0,0,0,0,0,0,0,0,0,0,0,0,0,0,0,0,0,0,0,0,0,0,0,0,0,0,0,0,0,,0,0,0,0,0,0,0,0,mntn
2025-05-19,,,,,,,,,,,0,0,0,0,0,0,0,0,0,0,0,0,0,0,0,0,0,0,0,0,0,0,0,0,0,0,0,0,0,0,0,0,0,0,0,0,0,,0,0,0,0,0,0,0,0,mntn
2025-06-20,,,,,,,,,,,0,0,0,0,0,0,0,0,0,0,0,0,0,0,0,0,0,0,0,0,0,0,0,0,0,0,0,0,0,0,0,0,0,0,0,0,0,,0,0,0,0,0,0,0,0,mntn
2025-03-04,,,,,,,,,,,0,0,0,0,0,0,0,0,0,0,0,0,0,0,0,0,0,0,0,0,0,0,0,0,0,0,0,0,0,0,0,0,0,0,0,0,0,,0,0,0,0,0,0,0,0,mntn
2024-11-17,,,,,,,,,,,0,0,0,0,0,0,0,0,0,0,0,0,0,0,0,0,0,0,0,0,0,0,0,0,0,0,0,0,0,0,0,0,0,0,0,0,0,,0,0,0,0,0,0,0,0,mntn
2025-02-24,,,,,,,,,,,0,0,0,0,0,0,0,0,0,0,0,0,0,0,0,0,0,0,0,0,0,0,0,0,0,0,0,0,0,0,0,0,0,0,0,0,0,,0,0,0,0,0,0,0,0,mntn
2025-03-14,,,,,,,,,,,0,0,0,0,0,0,0,0,0,0,0,0,0,0,0,0,0,0,0,0,0,0,0,0,0,0,0,0,0,0,0,0,0,0,0,0,0,,0,0,0,0,0,0,0,0,mntn
2025-07-02,,,,,,,,,,,0,0,0,0,0,0,0,0,0,0,0,0,0,0,0,0,0,0,0,0,0,0,0,0,0,0,0,0,0,0,0,0,0,0,0,0,0,,0,0,0,0,0,0,0,0,mntn
2025-04-26,,,,,,,,,,,0,0,0,0,0,0,0,0,0,0,0,0,0,0,0,0,0,0,0,0,0,0,0,0,0,0,0,0,0,0,0,0,0,0,0,0,0,,0,0,0,0,0,0,0,0,mntn
2025-06-10,,,,,,,,,,,0,0,0,0,0,0,0,0,0,0,0,0,0,0,0,0,0,0,0,0,0,0,0,0,0,0,0,0,0,0,0,0,0,0,0,0,0,,0,0,0,0,0,0,0,0,mntn
2025-05-12,,,,,,,,,,,0,0,0,0,0,0,0,0,0,0,0,0,0,0,0,0,0,0,0,0,0,0,0,0,0,0,0,0,0,0,0,0,0,0,0,0,0,,0,0,0,0,0,0,0,0,mntn
2025-03-26,,,,,,,,,,,0,0,0,0,0,0,0,0,0,0,0,0,0,0,0,0,0,0,0,0,0,0,0,0,0,0,0,0,0,0,0,0,0,0,0,0,0,,0,0,0,0,0,0,0,0,mntn
2024-12-15,,,,,,,,,,,0,0,0,0,0,0,0,0,0,0,0,0,0,0,0,0,0,0,0,0,0,0,0,0,0,0,0,0,0,0,0,0,0,0,0,0,0,,0,0,0,0,0,0,0,0,mntn
2025-08-01,,,,,,,,,,,0,0,0,0,0,0,0,0,0,0,0,0,0,0,0,0,0,0,0,0,0,0,0,0,0,0,0,0,0,0,0,0,0,0,0,0,0,,0,0,0,0,0,0,0,0,mntn
2024-12-29,,,,,,,,,,,0,0,0,0,0,0,0,0,0,0,0,0,0,0,0,0,0,0,0,0,0,0,0,0,0,0,0,0,0,0,0,0,0,0,0,0,0,,0,0,0,0,0,0,0,0,mntn
2025-10-12,,,,,,,,,,,0,0,0,0,0,0,0,0,0,0,0,0,0,0,0,0,0,0,0,0,0,0,0,0,0,0,0,0,0,0,0,0,0,0,0,0,0,,0,0,0,0,0,0,0,0,mntn
2025-10-04,,,,,,,,,,,0,0,0,0,0,0,0,0,0,0,0,0,0,0,0,0,0,0,0,0,0,0,0,0,0,0,0,0,0,0,0,0,0,0,0,0,0,,0,0,0,0,0,0,0,0,mntn
2025-07-17,,,,,,,,,,,0,0,0,0,0,0,0,0,0,0,0,0,0,0,0,0,0,0,0,0,0,0,0,0,0,0,0,0,0,0,0,0,0,0,0,0,0,,0,0,0,0,0,0,0,0,mntn
2024-12-05,,,,,,,,,,,0,0,0,0,0,0,0,0,0,0,0,0,0,0,0,0,0,0,0,0,0,0,0,0,0,0,0,0,0,0,0,0,0,0,0,0,0,,0,0,0,0,0,0,0,0,mntn
2025-09-26,,,,,,,,,,,0,0,0,0,0,0,0,0,0,0,0,0,0,0,0,0,0,0,0,0,0,0,0,0,0,0,0,0,0,0,0,0,0,0,0,0,0,,0,0,0,0,0,0,0,0,mntn
2025-05-22,,,,,,,,,,,0,0,0,0,0,0,0,0,0,0,0,0,0,0,0,0,0,0,0,0,0,0,0,0,0,0,0,0,0,0,0,0,0,0,0,0,0,,0,0,0,0,0,0,0,0,mntn
2024-12-04,,,,,,,,,,,0,0,0,0,0,0,0,0,0,0,0,0,0,0,0,0,0,0,0,0,0,0,0,0,0,0,0,0,0,0,0,0,0,0,0,0,0,,0,0,0,0,0,0,0,0,mntn
2025-05-11,,,,,,,,,,,0,0,0,0,0,0,0,0,0,0,0,0,0,0,0,0,0,0,0,0,0,0,0,0,0,0,0,0,0,0,0,0,0,0,0,0,0,,0,0,0,0,0,0,0,0,mntn
2024-11-29,,,,,,,,,,,0,0,0,0,0,0,0,0,0,0,0,0,0,0,0,0,0,0,0,0,0,0,0,0,0,0,0,0,0,0,0,0,0,0,0,0,0,,0,0,0,0,0,0,0,0,mntn
2025-03-16,,,,,,,,,,,0,0,0,0,0,0,0,0,0,0,0,0,0,0,0,0,0,0,0,0,0,0,0,0,0,0,0,0,0,0,0,0,0,0,0,0,0,,0,0,0,0,0,0,0,0,mntn
2025-04-11,,,,,,,,,,,0,0,0,0,0,0,0,0,0,0,0,0,0,0,0,0,0,0,0,0,0,0,0,0,0,0,0,0,0,0,0,0,0,0,0,0,0,,0,0,0,0,0,0,0,0,mntn
2025-02-08,,,,,,,,,,,0,0,0,0,0,0,0,0,0,0,0,0,0,0,0,0,0,0,0,0,0,0,0,0,0,0,0,0,0,0,0,0,0,0,0,0,0,,0,0,0,0,0,0,0,0,mntn
2025-10-05,,,,,,,,,,,0,0,0,0,0,0,0,0,0,0,0,0,0,0,0,0,0,0,0,0,0,0,0,0,0,0,0,0,0,0,0,0,0,0,0,0,0,,0,0,0,0,0,0,0,0,mntn
2025-07-07,,,,,,,,,,,0,0,0,0,0,0,0,0,0,0,0,0,0,0,0,0,0,0,0,0,0,0,0,0,0,0,0,0,0,0,0,0,0,0,0,0,0,,0,0,0,0,0,0,0,0,mntn
2025-05-14,,,,,,,,,,,0,0,0,0,0,0,0,0,0,0,0,0,0,0,0,0,0,0,0,0,0,0,0,0,0,0,0,0,0,0,0,0,0,0,0,0,0,,0,0,0,0,0,0,0,0,mntn
2025-01-15,,,,,,,,,,,0,0,0,0,0,0,0,0,0,0,0,0,0,0,0,0,0,0,0,0,0,0,0,0,0,0,0,0,0,0,0,0,0,0,0,0,0,,0,0,0,0,0,0,0,0,mntn
2024-12-30,,,,,,,,,,,0,0,0,0,0,0,0,0,0,0,0,0,0,0,0,0,0,0,0,0,0,0,0,0,0,0,0,0,0,0,0,0,0,0,0,0,0,,0,0,0,0,0,0,0,0,mntn
2025-04-19,,,,,,,,,,,0,0,0,0,0,0,0,0,0,0,0,0,0,0,0,0,0,0,0,0,0,0,0,0,0,0,0,0,0,0,0,0,0,0,0,0,0,,0,0,0,0,0,0,0,0,mntn
2025-02-05,,,,,,,,,,,0,0,0,0,0,0,0,0,0,0,0,0,0,0,0,0,0,0,0,0,0,0,0,0,0,0,0,0,0,0,0,0,0,0,0,0,0,,0,0,0,0,0,0,0,0,mntn
2024-12-24,,,,,,,,,,,0,0,0,0,0,0,0,0,0,0,0,0,0,0,0,0,0,0,0,0,0,0,0,0,0,0,0,0,0,0,0,0,0,0,0,0,0,,0,0,0,0,0,0,0,0,mntn
2025-03-25,,,,,,,,,,,0,0,0,0,0,0,0,0,0,0,0,0,0,0,0,0,0,0,0,0,0,0,0,0,0,0,0,0,0,0,0,0,0,0,0,0,0,,0,0,0,0,0,0,0,0,mntn
2025-01-14,,,,,,,,,,,0,0,0,0,0,0,0,0,0,0,0,0,0,0,0,0,0,0,0,0,0,0,0,0,0,0,0,0,0,0,0,0,0,0,0,0,0,,0,0,0,0,0,0,0,0,mntn
2025-01-13,,,,,,,,,,,0,0,0,0,0,0,0,0,0,0,0,0,0,0,0,0,0,0,0,0,0,0,0,0,0,0,0,0,0,0,0,0,0,0,0,0,0,,0,0,0,0,0,0,0,0,mntn
2025-08-29,,,,,,,,,,,0,0,0,0,0,0,0,0,0,0,0,0,0,0,0,0,0,0,0,0,0,0,0,0,0,0,0,0,0,0,0,0,0,0,0,0,0,,0,0,0,0,0,0,0,0,mntn
2025-06-25,,,,,,,,,,,0,0,0,0,0,0,0,0,0,0,0,0,0,0,0,0,0,0,0,0,0,0,0,0,0,0,0,0,0,0,0,0,0,0,0,0,0,,0,0,0,0,0,0,0,0,mntn
2025-01-28,,,,,,,,,,,0,0,0,0,0,0,0,0,0,0,0,0,0,0,0,0,0,0,0,0,0,0,0,0,0,0,0,0,0,0,0,0,0,0,0,0,0,,0,0,0,0,0,0,0,0,mntn
2025-08-11,,,,,,,,,,,0,0,0,0,0,0,0,0,0,0,0,0,0,0,0,0,0,0,0,0,0,0,0,0,0,0,0,0,0,0,0,0,0,0,0,0,0,,0,0,0,0,0,0,0,0,mntn
2025-01-03,,,,,,,,,,,0,0,0,0,0,0,0,0,0,0,0,0,0,0,0,0,0,0,0,0,0,0,0,0,0,0,0,0,0,0,0,0,0,0,0,0,0,,0,0,0,0,0,0,0,0,mntn
2025-10-01,,,,,,,,,,,0,0,0,0,0,0,0,0,0,0,0,0,0,0,0,0,0,0,0,0,0,0,0,0,0,0,0,0,0,0,0,0,0,0,0,0,0,,0,0,0,0,0,0,0,0,mntn
2025-10-15,,,,,,,,,,,0,5.3454,0,0,0,0,0,0,0,0,0,0,0,0,0,0,0,0,0,0,0,0,0,0,0,0,0,0,0,0,0,0,0,0,0,0,0,,0,0,0,0,0,0,0,0,mntn
2025-11-13,,,,,,,,,,,0,0,0,0,0,0,0,0,0,0,0,0,0,0,0,0,0,0,0,0,0,0,0,0,0,0,0,0,0,0,0,0,0,0,0,0,0,"Phoenix, AZ",0,1,19,1,19,0,0,0,mntn
2025-11-13,,,,,,,,1920x1080,,,0,0,0,0,0,0,0,0,0,0,0,0,0,0,0,0,0,0,0,0,0,0,0,0,0.9873,5817,93,2.013,0.0158,75,0,-1,187.2091,0.0231,4032,1.1772,79,,0,0,0,0,0,0,0,0,mntn
2025-11-13,,,,,,25 PR CTV Fall-001,25 PR CTV Fall-001,,,,0,0,0,0,0,0,0,0,0,0,0,0,0,0,0.9827,831,5,0,-1,26.4712,0.0108,651,1.4,5,0,0,0,0,0,0,0,0,0,0,0,0,0,,0,0,0,0,0,846,26.4712,26.4712,mntn
2025-11-13,,,,,,,,,,,0,0,0,0,0,0,0,0,0,0,0,0,0,0,0,0,0,0,0,0,0,0,0,0,0,0,0,0,0,0,0,0,0,0,0,0,0,"Las Vegas, NV",0,1,31,0,31,0,0,0,mntn
2025-11-13,,,,,,25 BL CTV Fall-001,25 BL CTV Fall-001,,,,0,0,0,0,0,0,0,0,0,0,0,0,0,0,0.9893,676,8,0,-1,21.9675,0.0089,563,0.5,10,0,0,0,0,0,0,0,0,0,0,0,0,0,,0,0,0,0,0,683,21.9675,21.9675,mntn
2025-11-13,,,,,,,,,,,0,0,0,0,0,0,0,0,0,0,0,0,0,0,0,0,0,0,0,0,0,0,0,0,0,0,0,0,0,0,0,0,0,0,0,0,0,"Albuquerque-Santa Fe, NM",0,1,99,0,99,0,0,0,mntn
2025-11-13,,,,,,25-26 SC Video Campaign,25-26 SC Video Campaign,,,,0,0,0,0,0,0,0,0,0,0,0,0,0,0,0.9958,1449,25,0,-1,47.8696,0.0245,1267,1.1481,27,0,0,0,0,0,0,0,0,0,0,0,0,0,,0,0,0,0,0,1455,47.8696,47.8696,mntn
2025-11-13,,,,,,25 UB Fall Campaign,25 UB Fall Campaign,,,,0,0,0,0,0,0,0,0,0,0,0,0,0,0,0.9833,493,1,0,-1,15.663,0.0041,245,1,1,0,0,0,0,0,0,0,0,0,0,0,0,0,,0,0,0,0,0,501,15.663,15.663,mntn
2025-11-13,,,,,,25 MO CTV Fall-001,25 MO CTV Fall-001,,,,0,0,0,0,0,0,0,0,0,0,0,0,0,0,0.9851,344,0,0,-1,10.5722,0,208,0,0,0,0,0,0,0,0,0,0,0,0,0,0,0,,0,0,0,0,0,349,10.5722,10.5722,mntn
2025-11-13,,,,,,25 SL CTV Fall-001,25 SL CTV Fall-001,,,,0,0,0,0,0,0,0,0,0,0,0,0,0,0,0.992,783,22,0,-1,24.983,0.0315,635,0.9091,22,0,0,0,0,0,0,0,0,0,0,0,0,0,,0,0,0,0,0,789,24.983,24.983,mntn
2025-11-13,,,,,,,,,,,0,0,0,0,0,0,0,0,0,0,0,0,0,0,0,0,0,0,0,0,0,0,0,0,0,0,0,0,0,0,0,0,0,0,0,0,0,unknown,0,0,0,0,0,0,0,0,mntn
2025-11-13,,,,,,,,,,,0,0,0,0,0,0,0,0,0,0,0,0,0,0,0,0,0,0,0,0,0,0,0,0,0,0,0,0,0,0,0,0,0,0,0,0,0,"Salt Lake City, UT",0,0.9869,5667,92,5742,0,0,0,mntn
2025-11-13,,,,,,,,,,,0,3.3662,0.9873,5817,0,93,2.3697,2.013,0.0158,5892,0,-1,75,79,0,0,0,0,0,0,0,0,0,0,0,0,0,0,0,0,0,0,0,0,0,0,0,,0,0,0,0,0,0,0,0,mntn
2025-11-13,,,,,,,,,,,0,0,0,0,0,0,0,0,0,0,0,0,0,0,0,0,0,0,0,0,0,0,0,0,0,0,0,0,0,0,0,0,0,0,0,0,0,"Grand Junction-Montrose, CO",0,1,1,0,1,0,0,0,mntn
2025-11-13,,,,,,25 TO CTV Fall - 001,25 TO CTV Fall - 001,,,,0,0,0,0,0,0,0,0,0,0,0,0,0,0,0.9799,463,3,0,-1,14.8547,0.0216,185,1.3333,3,0,0,0,0,0,0,0,0,0,0,0,0,0,,0,0,0,0,0,473,14.8547,14.8547,mntn
2025-11-13,,,,,,25 BC CTV Fall -001,25 BC CTV Fall -001,,,,0,0,0,0,0,0,0,0,0,0,0,0,0,0,0.9834,370,2,0,-1,11.4158,0,91,0,2,0,0,0,0,0,0,0,0,0,0,0,0,0,,0,0,0,0,0,376,11.4158,11.4158,mntn
2025-11-13,,,,,,25 OR CTV Fall -001,25 OR CTV Fall -001,,,,0,0,0,0,0,0,0,0,0,0,0,0,0,0,0.9722,408,9,0,-1,13.4122,0.0865,289,2.7778,9,0,0,0,0,0,0,0,0,0,0,0,0,0,,0,0,0,0,0,420,13.4122,13.4122,mntn
2025-08-27,,,,,,,,,,,0,0,0,0,0,0,0,0,0,0,0,0,0,0,0,0,0,0,0,0,0,0,0,0,0,0,0,0,0,0,0,0,0,0,0,0,0,,0,0,0,0,0,0,0,0,mntn
2024-12-08,,,,,,,,,,,0,0,0,0,0,0,0,0,0,0,0,0,0,0,0,0,0,0,0,0,0,0,0,0,0,0,0,0,0,0,0,0,0,0,0,0,0,,0,0,0,0,0,0,0,0,mntn
2025-01-02,,,,,,,,,,,0,0,0,0,0,0,0,0,0,0,0,0,0,0,0,0,0,0,0,0,0,0,0,0,0,0,0,0,0,0,0,0,0,0,0,0,0,,0,0,0,0,0,0,0,0,mntn
2025-10-17,,,,,,,,,,,0,2.6199,0,0,0,0,0,0,0,0,0,0,0,0,0,0,0,0,0,0,0,0,0,0,0,0,0,0,0,0,0,0,0,0,0,0,0,,0,0,0,0,0,0,0,0,mntn
2025-02-26,,,,,,,,,,,0,0,0,0,0,0,0,0,0,0,0,0,0,0,0,0,0,0,0,0,0,0,0,0,0,0,0,0,0,0,0,0,0,0,0,0,0,,0,0,0,0,0,0,0,0,mntn
2025-06-21,,,,,,,,,,,0,0,0,0,0,0,0,0,0,0,0,0,0,0,0,0,0,0,0,0,0,0,0,0,0,0,0,0,0,0,0,0,0,0,0,0,0,,0,0,0,0,0,0,0,0,mntn
2025-05-09,,,,,,,,,,,0,0,0,0,0,0,0,0,0,0,0,0,0,0,0,0,0,0,0,0,0,0,0,0,0,0,0,0,0,0,0,0,0,0,0,0,0,,0,0,0,0,0,0,0,0,mntn
2025-09-19,,,,,,,,,,,0,0,0,0,0,0,0,0,0,0,0,0,0,0,0,0,0,0,0,0,0,0,0,0,0,0,0,0,0,0,0,0,0,0,0,0,0,,0,0,0,0,0,0,0,0,mntn
2025-08-02,,,,,,,,,,,0,0,0,0,0,0,0,0,0,0,0,0,0,0,0,0,0,0,0,0,0,0,0,0,0,0,0,0,0,0,0,0,0,0,0,0,0,,0,0,0,0,0,0,0,0,mntn
2025-09-11,,,,,,,,,,,0,0,0,0,0,0,0,0,0,0,0,0,0,0,0,0,0,0,0,0,0,0,0,0,0,0,0,0,0,0,0,0,0,0,0,0,0,,0,0,0,0,0,0,0,0,mntn
2025-07-10,,,,,,,,,,,0,0,0,0,0,0,0,0,0,0,0,0,0,0,0,0,0,0,0,0,0,0,0,0,0,0,0,0,0,0,0,0,0,0,0,0,0,,0,0,0,0,0,0,0,0,mntn
2025-10-26,,,,,,,,,,,0,0,0,0,0,0,0,0,0,0,0,0,0,0,0,0,0,0,0,0,0,0,0,0,0,0,0,0,0,0,0,0,0,0,0,0,0,"Phoenix, AZ",0,1,2,0,2,0,0,0,mntn
2025-10-26,,,,,,,,,,,0,0,0,0,0,0,0,0,0,0,0,0,0,0,0,0,0,0,0,0,0,0,0,0,0,0,0,0,0,0,0,0,0,0,0,0,0,"Salt Lake City, UT",0,0.9919,1136,9,1145,0,0,0,mntn
2025-10-26,,,,,,,,,,,0,1.9052,0.992,1158,0,9,1.988,3.7551,0.0077,1167,0,-1,15,17,0,0,0,0,0,0,0,0,0,0,0,0,0,0,0,0,0,0,0,0,0,0,0,,0,0,0,0,0,0,0,0,mntn
2025-10-26,,,,,,,,,,,0,0,0,0,0,0,0,0,0,0,0,0,0,0,0,0,0,0,0,0,0,0,0,0,0,0,0,0,0,0,0,0,0,0,0,0,0,"Grand Junction-Montrose, CO",0,1,3,0,3,0,0,0,mntn
2025-10-26,,,,,,25-26 SC Video Campaign,25-26 SC Video Campaign,,,,0,0,0,0,0,0,0,0,0,0,0,0,0,0,0.992,1158,15,0,-1,33.7962,0.0091,990,0.5294,17,0,0,0,0,0,0,0,0,0,0,0,0,0,,0,0,0,0,0,1167,33.7962,33.7962,mntn
2025-10-26,,,,,,,,1920x1080,,,0,0,0,0,0,0,0,0,0,0,0,0,0,0,0,0,0,0,0,0,0,0,0,0,0.992,1158,9,3.7551,0.0077,15,0,-1,33.7962,0.0091,990,0.5294,17,,0,0,0,0,0,0,0,0,mntn
2025-10-26,,,,,,,,,,,0,0,0,0,0,0,0,0,0,0,0,0,0,0,0,0,0,0,0,0,0,0,0,0,0,0,0,0,0,0,0,0,0,0,0,0,0,"Las Vegas, NV",0,1,17,0,17,0,0,0,mntn
2025-07-08,,,,,,,,,,,0,0,0,0,0,0,0,0,0,0,0,0,0,0,0,0,0,0,0,0,0,0,0,0,0,0,0,0,0,0,0,0,0,0,0,0,0,,0,0,0,0,0,0,0,0,mntn
2025-04-04,,,,,,,,,,,0,0,0,0,0,0,0,0,0,0,0,0,0,0,0,0,0,0,0,0,0,0,0,0,0,0,0,0,0,0,0,0,0,0,0,0,0,,0,0,0,0,0,0,0,0,mntn
2025-10-16,,,,,,,,,,,0,4.7193,0,0,0,0,0,0,0,0,0,0,0,0,0,0,0,0,0,0,0,0,0,0,0,0,0,0,0,0,0,0,0,0,0,0,0,,0,0,0,0,0,0,0,0,mntn
2025-05-17,,,,,,,,,,,0,0,0,0,0,0,0,0,0,0,0,0,0,0,0,0,0,0,0,0,0,0,0,0,0,0,0,0,0,0,0,0,0,0,0,0,0,,0,0,0,0,0,0,0,0,mntn
2025-08-26,,,,,,,,,,,0,0,0,0,0,0,0,0,0,0,0,0,0,0,0,0,0,0,0,0,0,0,0,0,0,0,0,0,0,0,0,0,0,0,0,0,0,,0,0,0,0,0,0,0,0,mntn
2025-07-21,,,,,,,,,,,0,0,0,0,0,0,0,0,0,0,0,0,0,0,0,0,0,0,0,0,0,0,0,0,0,0,0,0,0,0,0,0,0,0,0,0,0,,0,0,0,0,0,0,0,0,mntn
2025-10-24,,,,,,,,,,,0,0,0,0,0,0,0,0,0,0,0,0,0,0,0,0,0,0,0,0,0,0,0,0,0,0,0,0,0,0,0,0,0,0,0,0,0,"Las Vegas, NV",0,1,26,0,26,0,0,0,mntn
2025-10-24,,,,,,,,,,,0,0,0,0,0,0,0,0,0,0,0,0,0,0,0,0,0,0,0,0,0,0,0,0,0,0,0,0,0,0,0,0,0,0,0,0,0,"Denver, CO",0,0.6667,2,0,3,0,0,0,mntn
2025-10-24,,,,,,,,,,,0,0,0,0,0,0,0,0,0,0,0,0,0,0,0,0,0,0,0,0,0,0,0,0,0,0,0,0,0,0,0,0,0,0,0,0,0,"Phoenix, AZ",0,1,1,0,1,0,0,0,mntn
2025-10-24,,,,,,,,1920x1080,,,0,0,0,0,0,0,0,0,0,0,0,0,0,0,0,0,0,0,0,0,0,0,0,0,0.9915,2037,1,60.6605,0.0005,6,0,-1,60.6605,0.0006,1727,0.1667,6,,0,0,0,0,0,0,0,0,mntn
2025-10-24,,,,,,,,,,,0,0,0,0,0,0,0,0,0,0,0,0,0,0,0,0,0,0,0,0,0,0,0,0,0,0,0,0,0,0,0,0,0,0,0,0,0,"Salt Lake City, UT",0,0.9918,1999,1,2015,0,0,0,mntn
2025-10-24,,,,,,,,,,,0,0,0,0,0,0,0,0,0,0,0,0,0,0,0,0,0,0,0,0,0,0,0,0,0,0,0,0,0,0,0,0,0,0,0,0,0,"Grand Junction-Montrose, CO",0,1,9,0,9,0,0,0,mntn
2025-10-24,,,,,,,,,,,0,1.6472,0.9915,2037,0,1,10.1101,60.6605,0.0005,2054,0,-1,6,6,0,0,0,0,0,0,0,0,0,0,0,0,0,0,0,0,0,0,0,0,0,0,0,,0,0,0,0,0,0,0,0,mntn
2025-10-24,,,,,,25-26 SC Video Campaign,25-26 SC Video Campaign,,,,0,0,0,0,0,0,0,0,0,0,0,0,0,0,0.9915,2037,6,0,-1,60.6605,0.0006,1727,0.1667,6,0,0,0,0,0,0,0,0,0,0,0,0,0,,0,0,0,0,0,2054,60.6605,60.6605,mntn
2025-06-03,,,,,,,,,,,0,0,0,0,0,0,0,0,0,0,0,0,0,0,0,0,0,0,0,0,0,0,0,0,0,0,0,0,0,0,0,0,0,0,0,0,0,,0,0,0,0,0,0,0,0,mntn
2025-11-09,,,,,,,,,,,0,0,0,0,0,0,0,0,0,0,0,0,0,0,0,0,0,0,0,0,0,0,0,0,0,0,0,0,0,0,0,0,0,0,0,0,0,"Las Vegas, NV",0,1,35,0,35,0,0,0,mntn
2025-11-09,,,,,,25 UB Fall Campaign,25 UB Fall Campaign,,,,0,0,0,0,0,0,0,0,0,0,0,0,0,0,0.9783,512,1,0,-1,16.1327,0,237,0,1,0,0,0,0,0,0,0,0,0,0,0,0,0,,0,0,0,0,0,523,16.1327,16.1327,mntn
2025-11-09,,,,,,25-26 SC Video Campaign,25-26 SC Video Campaign,,,,0,0,0,0,0,0,0,0,0,0,0,0,0,0,0.9874,1516,27,0,-1,49.297,0.0154,1301,0.7143,28,0,0,0,0,0,0,0,0,0,0,0,0,0,,0,0,0,0,0,1535,49.297,49.297,mntn
2025-11-09,,,,,,,,,,,0,0,0,0,0,0,0,0,0,0,0,0,0,0,0,0,0,0,0,0,0,0,0,0,0,0,0,0,0,0,0,0,0,0,0,0,0,"Phoenix, AZ",0,0.9375,16,1,17,0,0,0,mntn
2025-11-09,,,,,,,,,,,0,0,0,0,0,0,0,0,0,0,0,0,0,0,0,0,0,0,0,0,0,0,0,0,0,0,0,0,0,0,0,0,0,0,0,0,0,"Grand Junction-Montrose, CO",0,1,4,0,4,0,0,0,mntn
2025-11-09,,,,,,,,,,,0,0,0,0,0,0,0,0,0,0,0,0,0,0,0,0,0,0,0,0,0,0,0,0,0,0,0,0,0,0,0,0,0,0,0,0,0,"Denver, CO",0,1,2,0,2,0,0,0,mntn
2025-11-09,,,,,,25 MO CTV Fall-001,25 MO CTV Fall-001,,,,0,0,0,0,0,0,0,0,0,0,0,0,0,0,0.9843,325,0,0,-1,9.8939,0,177,0,0,0,0,0,0,0,0,0,0,0,0,0,0,0,,0,0,0,0,0,330,9.8939,9.8939,mntn
2025-11-09,,,,,,,,,,,0,0,0,0,0,0,0,0,0,0,0,0,0,0,0,0,0,0,0,0,0,0,0,0,0,0,0,0,0,0,0,0,0,0,0,0,0,"Salt Lake City, UT",0,0.984,5792,39,5886,0,0,0,mntn
2025-11-09,,,,,,25 OR CTV Fall -001,25 OR CTV Fall -001,,,,0,0,0,0,0,0,0,0,0,0,0,0,0,0,0.989,471,13,0,-1,15.8639,0.0279,251,0.5385,13,0,0,0,0,0,0,0,0,0,0,0,0,0,,0,0,0,0,0,476,15.8639,15.8639,mntn
2025-11-09,,,,,,25 PR CTV Fall-001,25 PR CTV Fall-001,,,,0,0,0,0,0,0,0,0,0,0,0,0,0,0,0.9873,814,7,0,-1,26.7264,0.005,601,0.4286,7,0,0,0,0,0,0,0,0,0,0,0,0,0,,0,0,0,0,0,824,26.7264,26.7264,mntn
2025-11-09,,,,,,25 BC CTV Fall -001,25 BC CTV Fall -001,,,,0,0,0,0,0,0,0,0,0,0,0,0,0,0,0.9907,454,1,0,-1,13.9367,0.0074,136,1,1,0,0,0,0,0,0,0,0,0,0,0,0,0,,0,0,0,0,0,458,13.9367,13.9367,mntn
2025-11-09,,,,,,25 SL CTV Fall-001,25 SL CTV Fall-001,,,,0,0,0,0,0,0,0,0,0,0,0,0,0,0,0.9756,791,11,0,-1,25.6348,0.0111,629,0.6364,11,0,0,0,0,0,0,0,0,0,0,0,0,0,,0,0,0,0,0,811,25.6348,25.6348,mntn
2025-11-09,,,,,,25 BL CTV Fall-001,25 BL CTV Fall-001,,,,0,0,0,0,0,0,0,0,0,0,0,0,0,0,0.9816,657,6,0,-1,21.2255,0.0037,537,0.2857,7,0,0,0,0,0,0,0,0,0,0,0,0,0,,0,0,0,0,0,669,21.2255,21.2255,mntn
2025-11-09,,,,,,,,,,,0,0,0,0,0,0,0,0,0,0,0,0,0,0,0,0,0,0,0,0,0,0,0,0,0,0,0,0,0,0,0,0,0,0,0,0,0,unknown,0,0,0,0,0,0,0,0,mntn
2025-11-09,,,,,,,,1920x1080,,,0,0,0,0,0,0,0,0,0,0,0,0,0,0,0,0,0,0,0,0,0,0,0,0,0.9841,6007,40,4.8434,0.0066,67,0,-1,193.7343,0.0101,3974,0.5797,69,,0,0,0,0,0,0,0,0,mntn
2025-11-09,,,,,,,,,,,0,0,0,0,0,0,0,0,0,0,0,0,0,0,0,0,0,0,0,0,0,0,0,0,0,0,0,0,0,0,0,0,0,0,0,0,0,"Albuquerque-Santa Fe, NM",0,0.9873,158,0,160,0,0,0,mntn
2025-11-09,,,,,,25 TO CTV Fall - 001,25 TO CTV Fall - 001,,,,0,0,0,0,0,0,0,0,0,0,0,0,0,0,0.9806,469,1,0,-1,15.0235,0,203,0,1,0,0,0,0,0,0,0,0,0,0,0,0,0,,0,0,0,0,0,478,15.0235,15.0235,mntn
2025-11-09,,,,,,,,,,,0,3.3653,0.9841,6007,0,40,2.8077,4.8434,0.0066,6104,0,-1,67,69,0,0,0,0,0,0,0,0,0,0,0,0,0,0,0,0,0,0,0,0,0,0,0,,0,0,0,0,0,0,0,0,mntn
2025-06-06,,,,,,,,,,,0,0,0,0,0,0,0,0,0,0,0,0,0,0,0,0,0,0,0,0,0,0,0,0,0,0,0,0,0,0,0,0,0,0,0,0,0,,0,0,0,0,0,0,0,0,mntn
2025-10-06,,,,,,,,,,,0,0,0,0,0,0,0,0,0,0,0,0,0,0,0,0,0,0,0,0,0,0,0,0,0,0,0,0,0,0,0,0,0,0,0,0,0,,0,0,0,0,0,0,0,0,mntn
2025-04-25,,,,,,,,,,,0,0,0,0,0,0,0,0,0,0,0,0,0,0,0,0,0,0,0,0,0,0,0,0,0,0,0,0,0,0,0,0,0,0,0,0,0,,0,0,0,0,0,0,0,0,mntn
2025-02-06,,,,,,,,,,,0,0,0,0,0,0,0,0,0,0,0,0,0,0,0,0,0,0,0,0,0,0,0,0,0,0,0,0,0,0,0,0,0,0,0,0,0,,0,0,0,0,0,0,0,0,mntn
2024-12-19,,,,,,,,,,,0,0,0,0,0,0,0,0,0,0,0,0,0,0,0,0,0,0,0,0,0,0,0,0,0,0,0,0,0,0,0,0,0,0,0,0,0,,0,0,0,0,0,0,0,0,mntn
2025-08-14,,,,,,,,,,,0,0,0,0,0,0,0,0,0,0,0,0,0,0,0,0,0,0,0,0,0,0,0,0,0,0,0,0,0,0,0,0,0,0,0,0,0,,0,0,0,0,0,0,0,0,mntn
2025-02-28,,,,,,,,,,,0,0,0,0,0,0,0,0,0,0,0,0,0,0,0,0,0,0,0,0,0,0,0,0,0,0,0,0,0,0,0,0,0,0,0,0,0,,0,0,0,0,0,0,0,0,mntn
2024-12-10,,,,,,,,,,,0,0,0,0,0,0,0,0,0,0,0,0,0,0,0,0,0,0,0,0,0,0,0,0,0,0,0,0,0,0,0,0,0,0,0,0,0,,0,0,0,0,0,0,0,0,mntn
2025-01-20,,,,,,,,,,,0,0,0,0,0,0,0,0,0,0,0,0,0,0,0,0,0,0,0,0,0,0,0,0,0,0,0,0,0,0,0,0,0,0,0,0,0,,0,0,0,0,0,0,0,0,mntn
2025-05-29,,,,,,,,,,,0,0,0,0,0,0,0,0,0,0,0,0,0,0,0,0,0,0,0,0,0,0,0,0,0,0,0,0,0,0,0,0,0,0,0,0,0,,0,0,0,0,0,0,0,0,mntn
2025-04-09,,,,,,,,,,,0,0,0,0,0,0,0,0,0,0,0,0,0,0,0,0,0,0,0,0,0,0,0,0,0,0,0,0,0,0,0,0,0,0,0,0,0,,0,0,0,0,0,0,0,0,mntn
2025-04-23,,,,,,,,,,,0,0,0,0,0,0,0,0,0,0,0,0,0,0,0,0,0,0,0,0,0,0,0,0,0,0,0,0,0,0,0,0,0,0,0,0,0,,0,0,0,0,0,0,0,0,mntn
2025-03-03,,,,,,,,,,,0,0,0,0,0,0,0,0,0,0,0,0,0,0,0,0,0,0,0,0,0,0,0,0,0,0,0,0,0,0,0,0,0,0,0,0,0,,0,0,0,0,0,0,0,0,mntn
2025-07-16,,,,,,,,,,,0,0,0,0,0,0,0,0,0,0,0,0,0,0,0,0,0,0,0,0,0,0,0,0,0,0,0,0,0,0,0,0,0,0,0,0,0,,0,0,0,0,0,0,0,0,mntn
2025-02-19,,,,,,,,,,,0,0,0,0,0,0,0,0,0,0,0,0,0,0,0,0,0,0,0,0,0,0,0,0,0,0,0,0,0,0,0,0,0,0,0,0,0,,0,0,0,0,0,0,0,0,mntn
2025-02-02,,,,,,,,,,,0,0,0,0,0,0,0,0,0,0,0,0,0,0,0,0,0,0,0,0,0,0,0,0,0,0,0,0,0,0,0,0,0,0,0,0,0,,0,0,0,0,0,0,0,0,mntn
2025-03-20,,,,,,,,,,,0,0,0,0,0,0,0,0,0,0,0,0,0,0,0,0,0,0,0,0,0,0,0,0,0,0,0,0,0,0,0,0,0,0,0,0,0,,0,0,0,0,0,0,0,0,mntn
2025-11-17,,,,,,,,,,,0,3.4735,0.9869,6068,0,75,2.3984,2.5583,0.0122,6149,0,-1,79,80,0,0,0,0,0,0,0,0,0,0,0,0,0,0,0,0,0,0,0,0,0,0,0,,0,0,0,0,0,0,0,0,mntn
2025-11-17,,,,,,,,1920x1080,,,0,0,0,0,0,0,0,0,0,0,0,0,0,0,0,0,0,0,0,0,0,0,0,0,0.9869,6068,75,2.5583,0.0122,78,0,-1,191.8753,0.0183,4100,0.9375,80,,0,0,0,0,0,0,0,0,mntn
2025-11-17,,,,,,25 BC CTV Fall -001,25 BC CTV Fall -001,,,,0,0,0,0,0,0,0,0,0,0,0,0,0,0,0.9929,442,0,0,-1,13.1471,0.0083,120,0,0,0,0,0,0,0,0,0,0,0,0,0,0,0,,0,0,0,0,0,445,13.1471,13.1471,mntn
2025-11-17,,,,,,25 BL CTV Fall-001,25 BL CTV Fall-001,,,,0,0,0,0,0,0,0,0,0,0,0,0,0,0,0.988,678,9,0,-1,21.5568,0.0143,558,0.8,10,0,0,0,0,0,0,0,0,0,0,0,0,0,,0,0,0,0,0,686,21.5568,21.5568,mntn
2025-11-17,,,,,,25 MO CTV Fall-001,25 MO CTV Fall-001,,,,0,0,0,0,0,0,0,0,0,0,0,0,0,0,0.9866,315,2,0,-1,9.6537,0.0054,185,0.5,2,0,0,0,0,0,0,0,0,0,0,0,0,0,,0,0,0,0,0,319,9.6537,9.6537,mntn
2025-11-17,,,,,,25 OR CTV Fall -001,25 OR CTV Fall -001,,,,0,0,0,0,0,0,0,0,0,0,0,0,0,0,0.9809,476,7,0,-1,14.9099,0.0888,259,3.2857,7,0,0,0,0,0,0,0,0,0,0,0,0,0,,0,0,0,0,0,485,14.9099,14.9099,mntn
2025-11-17,,,,,,25 PR CTV Fall-001,25 PR CTV Fall-001,,,,0,0,0,0,0,0,0,0,0,0,0,0,0,0,0.9832,797,4,0,-1,25.7399,0.0049,616,0.75,4,0,0,0,0,0,0,0,0,0,0,0,0,0,,0,0,0,0,0,811,25.7399,25.7399,mntn
2025-11-17,,,,,,25 SL CTV Fall-001,25 SL CTV Fall-001,,,,0,0,0,0,0,0,0,0,0,0,0,0,0,0,0.9844,789,24,0,-1,24.7286,0.0278,648,0.75,24,0,0,0,0,0,0,0,0,0,0,0,0,0,,0,0,0,0,0,801,24.7286,24.7286,mntn
2025-11-17,,,,,,25 TO CTV Fall - 001,25 TO CTV Fall - 001,,,,0,0,0,0,0,0,0,0,0,0,0,0,0,0,0.9829,483,1,0,-1,15.1277,0.0163,184,3,1,0,0,0,0,0,0,0,0,0,0,0,0,0,,0,0,0,0,0,491,15.1277,15.1277,mntn
2025-11-17,,,,,,25 UB Fall Campaign,25 UB Fall Campaign,,,,0,0,0,0,0,0,0,0,0,0,0,0,0,0,0.9901,513,3,0,-1,16.0023,0.0039,254,0.3333,3,0,0,0,0,0,0,0,0,0,0,0,0,0,,0,0,0,0,0,518,16.0023,16.0023,mntn
2025-11-17,,,,,,25-26 SC Video Campaign,25-26 SC Video Campaign,,,,0,0,0,0,0,0,0,0,0,0,0,0,0,0,0.9898,1577,28,0,-1,51.0093,0.0121,1406,0.5862,29,0,0,0,0,0,0,0,0,0,0,0,0,0,,0,0,0,0,0,1593,51.0093,51.0093,mntn
2025-11-17,,,,,,,,,,,0,0,0,0,0,0,0,0,0,0,0,0,0,0,0,0,0,0,0,0,0,0,0,0,0,0,0,0,0,0,0,0,0,0,0,0,0,"Albuquerque-Santa Fe, NM",0,1,62,0,62,0,0,0,mntn
2025-11-17,,,,,,,,,,,0,0,0,0,0,0,0,0,0,0,0,0,0,0,0,0,0,0,0,0,0,0,0,0,0,0,0,0,0,0,0,0,0,0,0,0,0,"Denver, CO",0,1,3,0,3,0,0,0,mntn
2025-11-17,,,,,,,,,,,0,0,0,0,0,0,0,0,0,0,0,0,0,0,0,0,0,0,0,0,0,0,0,0,0,0,0,0,0,0,0,0,0,0,0,0,0,"Grand Junction-Montrose, CO",0,1,3,0,3,0,0,0,mntn
2025-11-17,,,,,,,,,,,0,0,0,0,0,0,0,0,0,0,0,0,0,0,0,0,0,0,0,0,0,0,0,0,0,0,0,0,0,0,0,0,0,0,0,0,0,"Las Vegas, NV",0,1,31,0,31,0,0,0,mntn
2025-11-17,,,,,,,,,,,0,0,0,0,0,0,0,0,0,0,0,0,0,0,0,0,0,0,0,0,0,0,0,0,0,0,0,0,0,0,0,0,0,0,0,0,0,"Phoenix, AZ",0,1,19,3,19,0,0,0,mntn
2025-11-17,,,,,,,,,,,0,0,0,0,0,0,0,0,0,0,0,0,0,0,0,0,0,0,0,0,0,0,0,0,0,0,0,0,0,0,0,0,0,0,0,0,0,"Salt Lake City, UT",0,0.9866,5950,71,6031,0,0,0,mntn
2025-11-17,,,,,,,,,,,0,0,0,0,0,0,0,0,0,0,0,0,0,0,0,0,0,0,0,0,0,0,0,0,0,0,0,0,0,0,0,0,0,0,0,0,0,unknown,0,0,0,1,0,0,0,0,mntn
2025-03-28,,,,,,,,,,,0,0,0,0,0,0,0,0,0,0,0,0,0,0,0,0,0,0,0,0,0,0,0,0,0,0,0,0,0,0,0,0,0,0,0,0,0,,0,0,0,0,0,0,0,0,mntn
2025-06-08,,,,,,,,,,,0,0,0,0,0,0,0,0,0,0,0,0,0,0,0,0,0,0,0,0,0,0,0,0,0,0,0,0,0,0,0,0,0,0,0,0,0,,0,0,0,0,0,0,0,0,mntn
2025-08-13,,,,,,,,,,,0,0,0,0,0,0,0,0,0,0,0,0,0,0,0,0,0,0,0,0,0,0,0,0,0,0,0,0,0,0,0,0,0,0,0,0,0,,0,0,0,0,0,0,0,0,mntn
2025-03-21,,,,,,,,,,,0,0,0,0,0,0,0,0,0,0,0,0,0,0,0,0,0,0,0,0,0,0,0,0,0,0,0,0,0,0,0,0,0,0,0,0,0,,0,0,0,0,0,0,0,0,mntn
2025-01-25,,,,,,,,,,,0,0,0,0,0,0,0,0,0,0,0,0,0,0,0,0,0,0,0,0,0,0,0,0,0,0,0,0,0,0,0,0,0,0,0,0,0,,0,0,0,0,0,0,0,0,mntn
2025-01-01,,,,,,,,,,,0,0,0,0,0,0,0,0,0,0,0,0,0,0,0,0,0,0,0,0,0,0,0,0,0,0,0,0,0,0,0,0,0,0,0,0,0,,0,0,0,0,0,0,0,0,mntn
2025-09-25,,,,,,,,,,,0,0,0,0,0,0,0,0,0,0,0,0,0,0,0,0,0,0,0,0,0,0,0,0,0,0,0,0,0,0,0,0,0,0,0,0,0,,0,0,0,0,0,0,0,0,mntn
2024-11-20,,,,,,,,,,,0,0,0,0,0,0,0,0,0,0,0,0,0,0,0,0,0,0,0,0,0,0,0,0,0,0,0,0,0,0,0,0,0,0,0,0,0,,0,0,0,0,0,0,0,0,mntn
2025-02-12,,,,,,,,,,,0,0,0,0,0,0,0,0,0,0,0,0,0,0,0,0,0,0,0,0,0,0,0,0,0,0,0,0,0,0,0,0,0,0,0,0,0,,0,0,0,0,0,0,0,0,mntn
2025-05-16,,,,,,,,,,,0,0,0,0,0,0,0,0,0,0,0,0,0,0,0,0,0,0,0,0,0,0,0,0,0,0,0,0,0,0,0,0,0,0,0,0,0,,0,0,0,0,0,0,0,0,mntn
2025-05-31,,,,,,,,,,,0,0,0,0,0,0,0,0,0,0,0,0,0,0,0,0,0,0,0,0,0,0,0,0,0,0,0,0,0,0,0,0,0,0,0,0,0,,0,0,0,0,0,0,0,0,mntn
2025-05-15,,,,,,,,,,,0,0,0,0,0,0,0,0,0,0,0,0,0,0,0,0,0,0,0,0,0,0,0,0,0,0,0,0,0,0,0,0,0,0,0,0,0,,0,0,0,0,0,0,0,0,mntn
2025-11-19,,,,,,25 BL CTV Fall-001,25 BL CTV Fall-001,,,,0,0,0,0,0,0,0,0,0,0,0,0,0,0,0.9941,521,8,0,-1,16.002,0.0116,431,0.625,8,0,0,0,0,0,0,0,0,0,0,0,0,0,,0,0,0,0,0,524,16.002,16.002,mntn
2025-11-19,,,,,,,,,,,0,0,0,0,0,0,0,0,0,0,0,0,0,0,0,0,0,0,0,0,0,0,0,0,0,0,0,0,0,0,0,0,0,0,0,0,0,"Grand Junction-Montrose, CO",0,1,1,0,1,0,0,0,mntn
2025-11-19,,,,,,,,,,,0,0,0,0,0,0,0,0,0,0,0,0,0,0,0,0,0,0,0,0,0,0,0,0,0,0,0,0,0,0,0,0,0,0,0,0,0,unknown,0,0,0,0,0,0,0,0,mntn
2025-11-19,,,,,,25 PR CTV Fall-001,25 PR CTV Fall-001,,,,0,0,0,0,0,0,0,0,0,0,0,0,0,0,0.9871,632,2,0,-1,19.483,0.002,502,0.5,2,0,0,0,0,0,0,0,0,0,0,0,0,0,,0,0,0,0,0,640,19.483,19.483,mntn
2025-11-19,,,,,,,,,,,0,0,0,0,0,0,0,0,0,0,0,0,0,0,0,0,0,0,0,0,0,0,0,0,0,0,0,0,0,0,0,0,0,0,0,0,0,"Las Vegas, NV",0,1,25,0,25,0,0,0,mntn
2025-11-19,,,,,,25 TO CTV Fall - 001,25 TO CTV Fall - 001,,,,0,0,0,0,0,0,0,0,0,0,0,0,0,0,0.9862,374,0,0,-1,10.8245,0,140,0,0,0,0,0,0,0,0,0,0,0,0,0,0,0,,0,0,0,0,0,379,10.8245,10.8245,mntn
2025-11-19,,,,,,,,,,,0,0,0,0,0,0,0,0,0,0,0,0,0,0,0,0,0,0,0,0,0,0,0,0,0,0,0,0,0,0,0,0,0,0,0,0,0,"Albuquerque-Santa Fe, NM",0,1,91,0,91,0,0,0,mntn
2025-11-19,,,,,,25 MO CTV Fall-001,25 MO CTV Fall-001,,,,0,0,0,0,0,0,0,0,0,0,0,0,0,0,0.9885,270,3,0,-1,8.0983,0.0116,172,0.6667,3,0,0,0,0,0,0,0,0,0,0,0,0,0,,0,0,0,0,0,273,8.0983,8.0983,mntn
2025-11-19,,,,,,25 BC CTV Fall -001,25 BC CTV Fall -001,,,,0,0,0,0,0,0,0,0,0,0,0,0,0,0,0.9882,356,3,0,-1,9.9275,0.0349,86,0.75,4,0,0,0,0,0,0,0,0,0,0,0,0,0,,0,0,0,0,0,360,9.9275,9.9275,mntn
2025-11-19,,,,,,25 UB Fall Campaign,25 UB Fall Campaign,,,,0,0,0,0,0,0,0,0,0,0,0,0,0,0,0.9831,420,1,0,-1,12.5696,0.0085,235,2,1,0,0,0,0,0,0,0,0,0,0,0,0,0,,0,0,0,0,0,427,12.5696,12.5696,mntn
2025-11-19,,,,,,25 SL CTV Fall-001,25 SL CTV Fall-001,,,,0,0,0,0,0,0,0,0,0,0,0,0,0,0,0.9809,582,23,0,-1,18.1205,0.0354,509,0.7826,23,0,0,0,0,0,0,0,0,0,0,0,0,0,,0,0,0,0,0,593,18.1205,18.1205,mntn
2025-11-19,,,,,,,,,,,0,0,0,0,0,0,0,0,0,0,0,0,0,0,0,0,0,0,0,0,0,0,0,0,0,0,0,0,0,0,0,0,0,0,0,0,0,"Phoenix, AZ",0,0,0,1,0,0,0,0,mntn
2025-11-19,,,,,,,,,,,0,0,0,0,0,0,0,0,0,0,0,0,0,0,0,0,0,0,0,0,0,0,0,0,0,0,0,0,0,0,0,0,0,0,0,0,0,"Salt Lake City, UT",0,0.9857,4555,69,4621,0,0,0,mntn
2025-11-19,,,,,,,,1920x1080,,,0,0,0,0,0,0,0,0,0,0,0,0,0,0,0,0,0,0,0,0,0,0,0,0,0.986,4672,70,2.0526,0.0148,75,0,-1,143.6813,0.0213,3284,0.9091,77,,0,0,0,0,0,0,0,0,mntn
2025-11-19,,,,,,25-26 SC Video Campaign,25-26 SC Video Campaign,,,,0,0,0,0,0,0,0,0,0,0,0,0,0,0,0.9849,1138,30,0,-1,36.6509,0.0198,1062,0.6774,31,0,0,0,0,0,0,0,0,0,0,0,0,0,,0,0,0,0,0,1155,36.6509,36.6509,mntn
2025-11-19,,,,,,,,,,,0,2.8133,0.986,4672,0,70,1.866,2.0526,0.0148,4738,0,-1,76,77,0,0,0,0,0,0,0,0,0,0,0,0,0,0,0,0,0,0,0,0,0,0,0,,0,0,0,0,0,0,0,0,mntn
2025-11-19,,,,,,25 OR CTV Fall -001,25 OR CTV Fall -001,,,,0,0,0,0,0,0,0,0,0,0,0,0,0,0,0.9838,381,5,0,-1,12.0049,0.0826,218,3.6,5,0,0,0,0,0,0,0,0,0,0,0,0,0,,0,0,0,0,0,387,12.0049,12.0049,mntn
2024-11-19,,,,,,,,,,,0,0,0,0,0,0,0,0,0,0,0,0,0,0,0,0,0,0,0,0,0,0,0,0,0,0,0,0,0,0,0,0,0,0,0,0,0,,0,0,0,0,0,0,0,0,mntn
2025-04-10,,,,,,,,,,,0,0,0,0,0,0,0,0,0,0,0,0,0,0,0,0,0,0,0,0,0,0,0,0,0,0,0,0,0,0,0,0,0,0,0,0,0,,0,0,0,0,0,0,0,0,mntn
2025-08-16,,,,,,,,,,,0,0,0,0,0,0,0,0,0,0,0,0,0,0,0,0,0,0,0,0,0,0,0,0,0,0,0,0,0,0,0,0,0,0,0,0,0,,0,0,0,0,0,0,0,0,mntn
2025-08-08,,,,,,,,,,,0,0,0,0,0,0,0,0,0,0,0,0,0,0,0,0,0,0,0,0,0,0,0,0,0,0,0,0,0,0,0,0,0,0,0,0,0,,0,0,0,0,0,0,0,0,mntn
2024-12-14,,,,,,,,,,,0,0,0,0,0,0,0,0,0,0,0,0,0,0,0,0,0,0,0,0,0,0,0,0,0,0,0,0,0,0,0,0,0,0,0,0,0,,0,0,0,0,0,0,0,0,mntn
2024-12-28,,,,,,,,,,,0,0,0,0,0,0,0,0,0,0,0,0,0,0,0,0,0,0,0,0,0,0,0,0,0,0,0,0,0,0,0,0,0,0,0,0,0,,0,0,0,0,0,0,0,0,mntn
2024-11-18,,,,,,,,,,,0,0,0,0,0,0,0,0,0,0,0,0,0,0,0,0,0,0,0,0,0,0,0,0,0,0,0,0,0,0,0,0,0,0,0,0,0,,0,0,0,0,0,0,0,0,mntn
2024-12-17,,,,,,,,,,,0,0,0,0,0,0,0,0,0,0,0,0,0,0,0,0,0,0,0,0,0,0,0,0,0,0,0,0,0,0,0,0,0,0,0,0,0,,0,0,0,0,0,0,0,0,mntn
2025-01-04,,,,,,,,,,,0,0,0,0,0,0,0,0,0,0,0,0,0,0,0,0,0,0,0,0,0,0,0,0,0,0,0,0,0,0,0,0,0,0,0,0,0,,0,0,0,0,0,0,0,0,mntn
2025-07-15,,,,,,,,,,,0,0,0,0,0,0,0,0,0,0,0,0,0,0,0,0,0,0,0,0,0,0,0,0,0,0,0,0,0,0,0,0,0,0,0,0,0,,0,0,0,0,0,0,0,0,mntn
2025-09-02,,,,,,,,,,,0,0,0,0,0,0,0,0,0,0,0,0,0,0,0,0,0,0,0,0,0,0,0,0,0,0,0,0,0,0,0,0,0,0,0,0,0,,0,0,0,0,0,0,0,0,mntn
2025-05-02,,,,,,,,,,,0,0,0,0,0,0,0,0,0,0,0,0,0,0,0,0,0,0,0,0,0,0,0,0,0,0,0,0,0,0,0,0,0,0,0,0,0,,0,0,0,0,0,0,0,0,mntn
2024-12-12,,,,,,,,,,,0,0,0,0,0,0,0,0,0,0,0,0,0,0,0,0,0,0,0,0,0,0,0,0,0,0,0,0,0,0,0,0,0,0,0,0,0,,0,0,0,0,0,0,0,0,mntn
2025-02-09,,,,,,,,,,,0,0,0,0,0,0,0,0,0,0,0,0,0,0,0,0,0,0,0,0,0,0,0,0,0,0,0,0,0,0,0,0,0,0,0,0,0,,0,0,0,0,0,0,0,0,mntn
2025-07-12,,,,,,,,,,,0,0,0,0,0,0,0,0,0,0,0,0,0,0,0,0,0,0,0,0,0,0,0,0,0,0,0,0,0,0,0,0,0,0,0,0,0,,0,0,0,0,0,0,0,0,mntn
2025-01-29,,,,,,,,,,,0,0,0,0,0,0,0,0,0,0,0,0,0,0,0,0,0,0,0,0,0,0,0,0,0,0,0,0,0,0,0,0,0,0,0,0,0,,0,0,0,0,0,0,0,0,mntn
2025-04-05,,,,,,,,,,,0,0,0,0,0,0,0,0,0,0,0,0,0,0,0,0,0,0,0,0,0,0,0,0,0,0,0,0,0,0,0,0,0,0,0,0,0,,0,0,0,0,0,0,0,0,mntn
2025-01-24,,,,,,,,,,,0,0,0,0,0,0,0,0,0,0,0,0,0,0,0,0,0,0,0,0,0,0,0,0,0,0,0,0,0,0,0,0,0,0,0,0,0,,0,0,0,0,0,0,0,0,mntn
2025-10-31,,,,,,25 PR CTV Fall-001,25 PR CTV Fall-001,,,,0,0,0,0,0,0,0,0,0,0,0,0,0,0,0.9903,858,2,0,-1,26.0075,0.005,606,1.5,2,0,0,0,0,0,0,0,0,0,0,0,0,0,,0,0,0,0,0,866,26.0075,26.0075,mntn
2025-10-31,,,,,,25 OR CTV Fall -001,25 OR CTV Fall -001,,,,0,0,0,0,0,0,0,0,0,0,0,0,0,0,0.9548,447,8,0,-1,13.8413,0.0922,347,4,8,0,0,0,0,0,0,0,0,0,0,0,0,0,,0,0,0,0,0,468,13.8413,13.8413,mntn
2025-10-31,,,,,,,,,,,0,0,0,0,0,0,0,0,0,0,0,0,0,0,0,0,0,0,0,0,0,0,0,0,0,0,0,0,0,0,0,0,0,0,0,0,0,"Salt Lake City, UT",0,0.9868,6239,47,6322,0,0,0,mntn
2025-10-31,,,,,,25 TO CTV Fall - 001,25 TO CTV Fall - 001,,,,0,0,0,0,0,0,0,0,0,0,0,0,0,0,0.9816,508,1,0,-1,14.6027,0.0043,233,1,1,0,0,0,0,0,0,0,0,0,0,0,0,0,,0,0,0,0,0,518,14.6027,14.6027,mntn
2025-10-31,,,,,,,,,,,0,0,0,0,0,0,0,0,0,0,0,0,0,0,0,0,0,0,0,0,0,0,0,0,0,0,0,0,0,0,0,0,0,0,0,0,0,"Denver, CO",0,1,7,0,7,0,0,0,mntn
2025-10-31,,,,,,,,,,,0,0,0,0,0,0,0,0,0,0,0,0,0,0,0,0,0,0,0,0,0,0,0,0,0,0,0,0,0,0,0,0,0,0,0,0,0,"Phoenix, AZ",0,1,19,0,19,0,0,0,mntn
2025-10-31,,,,,,25 UB Fall Campaign,25 UB Fall Campaign,,,,0,0,0,0,0,0,0,0,0,0,0,0,0,0,0.9936,650,0,0,-1,18.4899,0,326,0,0,0,0,0,0,0,0,0,0,0,0,0,0,0,,0,0,0,0,0,654,18.4899,18.4899,mntn
2025-10-31,,,,,,,,,,,0,0,0,0,0,0,0,0,0,0,0,0,0,0,0,0,0,0,0,0,0,0,0,0,0,0,0,0,0,0,0,0,0,0,0,0,0,"Grand Junction-Montrose, CO",0,1,4,0,4,0,0,0,mntn
2025-10-31,,,,,,,,1920x1080,,,0,0,0,0,0,0,0,0,0,0,0,0,0,0,0,0,0,0,0,0,0,0,0,0,0.9869,6510,47,4.0734,0.0071,40,0,-1,191.4503,0.0105,4461,1.1463,41,,0,0,0,0,0,0,0,0,mntn
2025-10-31,,,,,,25 BC CTV Fall -001,25 BC CTV Fall -001,,,,0,0,0,0,0,0,0,0,0,0,0,0,0,0,0.9899,313,0,0,-1,8.8932,0,114,0,0,0,0,0,0,0,0,0,0,0,0,0,0,0,,0,0,0,0,0,316,8.8932,8.8932,mntn
2025-10-31,,,,,,,,,,,0,0,0,0,0,0,0,0,0,0,0,0,0,0,0,0,0,0,0,0,0,0,0,0,0,0,0,0,0,0,0,0,0,0,0,0,0,unknown,0,0,0,0,0,0,0,0,mntn
2025-10-31,,,,,,25 BL CTV Fall-001,25 BL CTV Fall-001,,,,0,0,0,0,0,0,0,0,0,0,0,0,0,0,0.9874,728,1,0,-1,21.4847,0.0017,572,1,1,0,0,0,0,0,0,0,0,0,0,0,0,0,,0,0,0,0,0,737,21.4847,21.4847,mntn
2025-10-31,,,,,,25 SL CTV Fall-001,25 SL CTV Fall-001,,,,0,0,0,0,0,0,0,0,0,0,0,0,0,0,0.9929,871,11,0,-1,25.8386,0.0047,644,0.25,12,0,0,0,0,0,0,0,0,0,0,0,0,0,,0,0,0,0,0,877,25.8386,25.8386,mntn
2025-10-31,,,,,,,,,,,0,0,0,0,0,0,0,0,0,0,0,0,0,0,0,0,0,0,0,0,0,0,0,0,0,0,0,0,0,0,0,0,0,0,0,0,0,"Las Vegas, NV",0,0.9677,31,0,32,0,0,0,mntn
2025-10-31,,,,,,25-26 SC Video Campaign,25-26 SC Video Campaign,,,,0,0,0,0,0,0,0,0,0,0,0,0,0,0,0.9876,1792,17,0,-1,52.8358,0.0045,1553,0.4118,17,0,0,0,0,0,0,0,0,0,0,0,0,0,,0,0,0,0,0,1815,52.8358,52.8358,mntn
2025-10-31,,,,,,,,,,,0,0,0,0,0,0,0,0,0,0,0,0,0,0,0,0,0,0,0,0,0,0,0,0,0,0,0,0,0,0,0,0,0,0,0,0,0,"Albuquerque-Santa Fe, NM",0,0.9904,210,0,212,0,0,0,mntn
2025-10-31,,,,,,,,,,,0,1.5139,0.9869,6510,0,47,4.6695,4.0734,0.0071,6596,0,-1,40,41,0,0,0,0,0,0,0,0,0,0,0,0,0,0,0,0,0,0,0,0,0,0,0,,0,0,0,0,0,0,0,0,mntn
2025-10-31,,,,,,25 MO CTV Fall-001,25 MO CTV Fall-001,,,,0,0,0,0,0,0,0,0,0,0,0,0,0,0,0.9938,343,0,0,-1,9.4566,0,201,0,0,0,0,0,0,0,0,0,0,0,0,0,0,0,,0,0,0,0,0,345,9.4566,9.4566,mntn
2025-09-28,,,,,,,,,,,0,0,0,0,0,0,0,0,0,0,0,0,0,0,0,0,0,0,0,0,0,0,0,0,0,0,0,0,0,0,0,0,0,0,0,0,0,,0,0,0,0,0,0,0,0,mntn
2025-08-17,,,,,,,,,,,0,0,0,0,0,0,0,0,0,0,0,0,0,0,0,0,0,0,0,0,0,0,0,0,0,0,0,0,0,0,0,0,0,0,0,0,0,,0,0,0,0,0,0,0,0,mntn
2025-09-21,,,,,,,,,,,0,0,0,0,0,0,0,0,0,0,0,0,0,0,0,0,0,0,0,0,0,0,0,0,0,0,0,0,0,0,0,0,0,0,0,0,0,,0,0,0,0,0,0,0,0,mntn
2025-08-25,,,,,,,,,,,0,0,0,0,0,0,0,0,0,0,0,0,0,0,0,0,0,0,0,0,0,0,0,0,0,0,0,0,0,0,0,0,0,0,0,0,0,,0,0,0,0,0,0,0,0,mntn
2025-07-29,,,,,,,,,,,0,0,0,0,0,0,0,0,0,0,0,0,0,0,0,0,0,0,0,0,0,0,0,0,0,0,0,0,0,0,0,0,0,0,0,0,0,,0,0,0,0,0,0,0,0,mntn
2025-01-16,,,,,,,,,,,0,0,0,0,0,0,0,0,0,0,0,0,0,0,0,0,0,0,0,0,0,0,0,0,0,0,0,0,0,0,0,0,0,0,0,0,0,,0,0,0,0,0,0,0,0,mntn
2025-11-07,,,,,,25-26 SC Video Campaign,25-26 SC Video Campaign,,,,0,0,0,0,0,0,0,0,0,0,0,0,0,0,0.9897,1575,0,0,-1,50.9458,0.0163,1411,0.7667,30,0,0,0,0,0,0,0,0,0,0,0,0,0,,0,0,0,0,0,1591,50.9458,50.9458,mntn
2025-11-07,,,,,,,,,,,0,0,0,0,0,0,0,0,0,0,0,0,0,0,0,0,0,0,0,0,0,0,0,0,0,0,0,0,0,0,0,0,0,0,0,0,0,"Denver, CO",0,1,3,0,3,0,0,0,mntn
2025-11-07,,,,,,,,,,,0,3.3762,0.9903,6037,0,72,2.9127,2.67,0.0118,6096,0,-1,66,66,0,0,0,0,0,0,0,0,0,0,0,0,0,0,0,0,0,0,0,0,0,0,0,,0,0,0,0,0,0,0,0,mntn
2025-11-07,,,,,,25 PR CTV Fall-001,25 PR CTV Fall-001,,,,0,0,0,0,0,0,0,0,0,0,0,0,0,0,0.9895,783,0,0,-1,26.1874,0.0034,585,1,2,0,0,0,0,0,0,0,0,0,0,0,0,0,,0,0,0,0,0,791,26.1874,26.1874,mntn
2025-11-07,,,,,,25 BL CTV Fall-001,25 BL CTV Fall-001,,,,0,0,0,0,0,0,0,0,0,0,0,0,0,0,0.9937,668,0,0,-1,20.9673,0.0039,517,0.3333,6,0,0,0,0,0,0,0,0,0,0,0,0,0,,0,0,0,0,0,672,20.9673,20.9673,mntn
2025-11-07,,,,,,,,,,,0,0,0,0,0,0,0,0,0,0,0,0,0,0,0,0,0,0,0,0,0,0,0,0,0,0,0,0,0,0,0,0,0,0,0,0,0,"Albuquerque-Santa Fe, NM",0,1,191,0,191,0,0,0,mntn
2025-11-07,,,,,,25 SL CTV Fall-001,25 SL CTV Fall-001,,,,0,0,0,0,0,0,0,0,0,0,0,0,0,0,0.9877,751,0,0,-1,24.2755,0.0205,585,0.9231,13,0,0,0,0,0,0,0,0,0,0,0,0,0,,0,0,0,0,0,760,24.2755,24.2755,mntn
2025-11-07,,,,,,,,1920x1080,,,0,0,0,0,0,0,0,0,0,0,0,0,0,0,0,0,0,0,0,0,0,0,0,0,0.9903,6037,72,2.67,0.0118,0,0,-1,192.2373,0.018,4007,1.0909,66,,0,0,0,0,0,0,0,0,mntn
2025-11-07,,,,,,,,,,,0,0,0,0,0,0,0,0,0,0,0,0,0,0,0,0,0,0,0,0,0,0,0,0,0,0,0,0,0,0,0,0,0,0,0,0,0,"Las Vegas, NV",0,1,28,0,28,0,0,0,mntn
2025-11-07,,,,,,25 BC CTV Fall -001,25 BC CTV Fall -001,,,,0,0,0,0,0,0,0,0,0,0,0,0,0,0,0.9879,430,0,0,-1,12.7584,0.0079,127,0.25,4,0,0,0,0,0,0,0,0,0,0,0,0,0,,0,0,0,0,0,435,12.7584,12.7584,mntn
2025-11-07,,,,,,25 TO CTV Fall - 001,25 TO CTV Fall - 001,,,,0,0,0,0,0,0,0,0,0,0,0,0,0,0,0.9916,494,0,0,-1,15.0593,0.0223,179,1.3333,3,0,0,0,0,0,0,0,0,0,0,0,0,0,,0,0,0,0,0,498,15.0593,15.0593,mntn
2025-11-07,,,,,,25 MO CTV Fall-001,25 MO CTV Fall-001,,,,0,0,0,0,0,0,0,0,0,0,0,0,0,0,0.9881,343,0,0,-1,10.5667,0,185,0,1,0,0,0,0,0,0,0,0,0,0,0,0,0,,0,0,0,0,0,347,10.5667,10.5667,mntn
2025-11-07,,,,,,25 OR CTV Fall -001,25 OR CTV Fall -001,,,,0,0,0,0,0,0,0,0,0,0,0,0,0,0,0.9913,474,0,0,-1,15.3269,0.0996,261,4.3333,6,0,0,0,0,0,0,0,0,0,0,0,0,0,,0,0,0,0,0,478,15.3269,15.3269,mntn
2025-11-07,,,,,,,,,,,0,0,0,0,0,0,0,0,0,0,0,0,0,0,0,0,0,0,0,0,0,0,0,0,0,0,0,0,0,0,0,0,0,0,0,0,0,unknown,0,0,0,3,0,0,0,0,mntn
2025-11-07,,,,,,,,,,,0,0,0,0,0,0,0,0,0,0,0,0,0,0,0,0,0,0,0,0,0,0,0,0,0,0,0,0,0,0,0,0,0,0,0,0,0,"Grand Junction-Montrose, CO",0,1,4,0,4,0,0,0,mntn
2025-11-07,,,,,,,,,,,0,0,0,0,0,0,0,0,0,0,0,0,0,0,0,0,0,0,0,0,0,0,0,0,0,0,0,0,0,0,0,0,0,0,0,0,0,"Phoenix, AZ",0,0.9524,21,1,22,0,0,0,mntn
2025-11-07,,,,,,25 UB Fall Campaign,25 UB Fall Campaign,,,,0,0,0,0,0,0,0,0,0,0,0,0,0,0,0.994,521,0,0,-1,16.1499,0.0078,258,2,1,0,0,0,0,0,0,0,0,0,0,0,0,0,,0,0,0,0,0,524,16.1499,16.1499,mntn
2025-11-07,,,,,,,,,,,0,0,0,0,0,0,0,0,0,0,0,0,0,0,0,0,0,0,0,0,0,0,0,0,0,0,0,0,0,0,0,0,0,0,0,0,0,"Salt Lake City, UT",0,0.9901,5790,68,5848,0,0,0,mntn
2025-05-04,,,,,,,,,,,0,0,0,0,0,0,0,0,0,0,0,0,0,0,0,0,0,0,0,0,0,0,0,0,0,0,0,0,0,0,0,0,0,0,0,0,0,,0,0,0,0,0,0,0,0,mntn
2025-08-15,,,,,,,,,,,0,0,0,0,0,0,0,0,0,0,0,0,0,0,0,0,0,0,0,0,0,0,0,0,0,0,0,0,0,0,0,0,0,0,0,0,0,,0,0,0,0,0,0,0,0,mntn
2025-05-05,,,,,,,,,,,0,0,0,0,0,0,0,0,0,0,0,0,0,0,0,0,0,0,0,0,0,0,0,0,0,0,0,0,0,0,0,0,0,0,0,0,0,,0,0,0,0,0,0,0,0,mntn
2025-06-12,,,,,,,,,,,0,0,0,0,0,0,0,0,0,0,0,0,0,0,0,0,0,0,0,0,0,0,0,0,0,0,0,0,0,0,0,0,0,0,0,0,0,,0,0,0,0,0,0,0,0,mntn
2025-07-06,,,,,,,,,,,0,0,0,0,0,0,0,0,0,0,0,0,0,0,0,0,0,0,0,0,0,0,0,0,0,0,0,0,0,0,0,0,0,0,0,0,0,,0,0,0,0,0,0,0,0,mntn
2025-03-19,,,,,,,,,,,0,0,0,0,0,0,0,0,0,0,0,0,0,0,0,0,0,0,0,0,0,0,0,0,0,0,0,0,0,0,0,0,0,0,0,0,0,,0,0,0,0,0,0,0,0,mntn
2025-10-30,,,,,,,,,,,0,0,0,0,0,0,0,0,0,0,0,0,0,0,0,0,0,0,0,0,0,0,0,0,0,0,0,0,0,0,0,0,0,0,0,0,0,"Denver, CO",0,1,3,0,3,0,0,0,mntn
2025-10-30,,,,,,,,,,,0,0,0,0,0,0,0,0,0,0,0,0,0,0,0,0,0,0,0,0,0,0,0,0,0,0,0,0,0,0,0,0,0,0,0,0,0,"Las Vegas, NV",0,1,27,0,27,0,0,0,mntn
2025-10-30,,,,,,25 UB Fall Campaign,25 UB Fall Campaign,,,,0,0,0,0,0,0,0,0,0,0,0,0,0,0,0.9549,146,0,0,-1,4.1052,0,76,0,0,0,0,0,0,0,0,0,0,0,0,0,0,0,,0,0,0,0,0,153,4.1052,4.1052,mntn
2025-10-30,,,,,,25 PR CTV Fall-001,25 PR CTV Fall-001,,,,0,0,0,0,0,0,0,0,0,0,0,0,0,0,0.9953,457,0,0,-1,13.0505,0,317,0,0,0,0,0,0,0,0,0,0,0,0,0,0,0,,0,0,0,0,0,459,13.0505,13.0505,mntn
2025-10-30,,,,,,25 BC CTV Fall -001,25 BC CTV Fall -001,,,,0,0,0,0,0,0,0,0,0,0,0,0,0,0,0.9661,243,0,0,-1,7.2774,0,97,0,0,0,0,0,0,0,0,0,0,0,0,0,0,0,,0,0,0,0,0,252,7.2774,7.2774,mntn
2025-10-30,,,,,,,,,,,0,0,0,0,0,0,0,0,0,0,0,0,0,0,0,0,0,0,0,0,0,0,0,0,0,0,0,0,0,0,0,0,0,0,0,0,0,"Grand Junction-Montrose, CO",0,1,1,0,1,0,0,0,mntn
2025-10-30,,,,,,25 MO CTV Fall-001,25 MO CTV Fall-001,,,,0,0,0,0,0,0,0,0,0,0,0,0,0,0,0.9876,175,0,0,-1,5.1273,0,105,0,0,0,0,0,0,0,0,0,0,0,0,0,0,0,,0,0,0,0,0,177,5.1273,5.1273,mntn
2025-10-30,,,,,,,,1920x1080,,,0,0,0,0,0,0,0,0,0,0,0,0,0,0,0,0,0,0,0,0,0,0,0,0,0.9861,4927,26,5.5224,0.0052,42,0,-1,143.5824,0.0072,3590,0.5909,44,,0,0,0,0,0,0,0,0,mntn
2025-10-30,,,,,,25 SL CTV Fall-001,25 SL CTV Fall-001,,,,0,0,0,0,0,0,0,0,0,0,0,0,0,0,0.9828,834,10,0,-1,24.6517,0.0078,641,0.4545,11,0,0,0,0,0,0,0,0,0,0,0,0,0,,0,0,0,0,0,849,24.6517,24.6517,mntn
2025-10-30,,,,,,,,,,,0,0,0,0,0,0,0,0,0,0,0,0,0,0,0,0,0,0,0,0,0,0,0,0,0,0,0,0,0,0,0,0,0,0,0,0,0,"Salt Lake City, UT",0,0.9862,4748,26,4814,0,0,0,mntn
2025-10-30,,,,,,25 TO CTV Fall - 001,25 TO CTV Fall - 001,,,,0,0,0,0,0,0,0,0,0,0,0,0,0,0,0.9854,439,1,0,-1,12.8525,0.0073,275,2,1,0,0,0,0,0,0,0,0,0,0,0,0,0,,0,0,0,0,0,446,12.8525,12.8525,mntn
2025-10-30,,,,,,,,,,,0,0,0,0,0,0,0,0,0,0,0,0,0,0,0,0,0,0,0,0,0,0,0,0,0,0,0,0,0,0,0,0,0,0,0,0,0,"Phoenix, AZ",0,0.875,7,0,8,0,0,0,mntn
2025-10-30,,,,,,,,,,,0,1.6937,0.9861,4927,0,26,3.2632,5.5224,0.0052,4997,0,-1,42,44,0,0,0,0,0,0,0,0,0,0,0,0,0,0,0,0,0,0,0,0,0,0,0,,0,0,0,0,0,0,0,0,mntn
2025-10-30,,,,,,25-26 SC Video Campaign,25-26 SC Video Campaign,,,,0,0,0,0,0,0,0,0,0,0,0,0,0,0,0.9941,1737,24,0,-1,50.9038,0.0105,1526,0.6667,24,0,0,0,0,0,0,0,0,0,0,0,0,0,,0,0,0,0,0,1747,50.9038,50.9038,mntn
2025-10-30,,,,,,25 BL CTV Fall-001,25 BL CTV Fall-001,,,,0,0,0,0,0,0,0,0,0,0,0,0,0,0,0.9743,379,1,0,-1,10.3902,0,283,0,1,0,0,0,0,0,0,0,0,0,0,0,0,0,,0,0,0,0,0,389,10.3902,10.3902,mntn
2025-10-30,,,,,,25 OR CTV Fall -001,25 OR CTV Fall -001,,,,0,0,0,0,0,0,0,0,0,0,0,0,0,0,0.982,516,6,0,-1,15.2239,0.008,375,0.4286,7,0,0,0,0,0,0,0,0,0,0,0,0,0,,0,0,0,0,0,525,15.2239,15.2239,mntn
2025-10-30,,,,,,,,,,,0,0,0,0,0,0,0,0,0,0,0,0,0,0,0,0,0,0,0,0,0,0,0,0,0,0,0,0,0,0,0,0,0,0,0,0,0,"Albuquerque-Santa Fe, NM",0,0.9845,142,0,144,0,0,0,mntn
2025-10-30,,,,,,,,,,,0,0,0,0,0,0,0,0,0,0,0,0,0,0,0,0,0,0,0,0,0,0,0,0,0,0,0,0,0,0,0,0,0,0,0,0,0,unknown,0,0,0,0,0,0,0,0,mntn
2025-06-29,,,,,,,,,,,0,0,0,0,0,0,0,0,0,0,0,0,0,0,0,0,0,0,0,0,0,0,0,0,0,0,0,0,0,0,0,0,0,0,0,0,0,,0,0,0,0,0,0,0,0,mntn
2025-01-23,,,,,,,,,,,0,0,0,0,0,0,0,0,0,0,0,0,0,0,0,0,0,0,0,0,0,0,0,0,0,0,0,0,0,0,0,0,0,0,0,0,0,,0,0,0,0,0,0,0,0,mntn
2025-05-20,,,,,,,,,,,0,0,0,0,0,0,0,0,0,0,0,0,0,0,0,0,0,0,0,0,0,0,0,0,0,0,0,0,0,0,0,0,0,0,0,0,0,,0,0,0,0,0,0,0,0,mntn
2025-09-14,,,,,,,,,,,0,0,0,0,0,0,0,0,0,0,0,0,0,0,0,0,0,0,0,0,0,0,0,0,0,0,0,0,0,0,0,0,0,0,0,0,0,,0,0,0,0,0,0,0,0,mntn
2025-10-21,,,,,,,,,,,0,2.4752,0,0,0,0,0,0,0,0,0,0,0,0,0,0,0,0,0,0,0,0,0,0,0,0,0,0,0,0,0,0,0,0,0,0,0,,0,0,0,0,0,0,0,0,mntn
2025-03-02,,,,,,,,,,,0,0,0,0,0,0,0,0,0,0,0,0,0,0,0,0,0,0,0,0,0,0,0,0,0,0,0,0,0,0,0,0,0,0,0,0,0,,0,0,0,0,0,0,0,0,mntn
2025-08-05,,,,,,,,,,,0,0,0,0,0,0,0,0,0,0,0,0,0,0,0,0,0,0,0,0,0,0,0,0,0,0,0,0,0,0,0,0,0,0,0,0,0,,0,0,0,0,0,0,0,0,mntn